sample,key,value
session_info_load_01,"session","25510e27-f24a-4586-9ac9-9f7837c0dea1"
session_info_load_01,"session-id","3"
session_info_load_01,"infobase","717bdda7-2f60-4577-b262-f1fc8c0e472c"
session_info_load_01,"connection","00000000-0000-0000-0000-000000000000"
session_info_load_01,"process","00000000-0000-0000-0000-000000000000"
session_info_load_01,"user-name","DefUser"
session_info_load_01,"host","alko-home"
session_info_load_01,"app-id","1CV8C"
session_info_load_01,"locale","ru"
session_info_load_01,"started-at","2026-02-15T00:10:57"
session_info_load_01,"last-active-at","2026-02-16T00:27:02"
session_info_load_01,"hibernate","no"
session_info_load_01,"passive-session-hibernate-time","1200"
session_info_load_01,"hibernate-session-terminate-time","86400"
session_info_load_01,"blocked-by-dbms","0"
session_info_load_01,"blocked-by-ls","0"
session_info_load_01,"bytes-all","25082260"
session_info_load_01,"bytes-last-5min","4374335"
session_info_load_01,"calls-all","20511"
session_info_load_01,"calls-last-5min","3512"
session_info_load_01,"dbms-bytes-all","35181150"
session_info_load_01,"dbms-bytes-last-5min","5495813"
session_info_load_01,"db-proc-info",""
session_info_load_01,"db-proc-took","0"
session_info_load_01,"db-proc-took-at",""
session_info_load_01,"duration-all","487496"
session_info_load_01,"duration-all-dbms","20314"
session_info_load_01,"duration-current","0"
session_info_load_01,"duration-current-dbms","0"
session_info_load_01,"duration-last-5min","67477"
session_info_load_01,"duration-last-5min-dbms","2971"
session_info_load_01,"memory-current","0"
session_info_load_01,"memory-last-5min","18810053"
session_info_load_01,"memory-total","571737962"
session_info_load_01,"read-current","0"
session_info_load_01,"read-last-5min","859090"
session_info_load_01,"read-total","27825358"
session_info_load_01,"write-current","0"
session_info_load_01,"write-last-5min","120856"
session_info_load_01,"write-total","15271155"
session_info_load_01,"duration-current-service","0"
session_info_load_01,"duration-last-5min-service","2250"
session_info_load_01,"duration-all-service","16018"
session_info_load_01,"current-service-name",""
session_info_load_01,"cpu-time-current","0"
session_info_load_01,"cpu-time-last-5min","26992"
session_info_load_01,"cpu-time-total","192408"
session_info_load_01,"data-separation","''"
session_info_load_01,"client-ip","127.0.0.1"
session_info_load_02,"session","25510e27-f24a-4586-9ac9-9f7837c0dea1"
session_info_load_02,"session-id","3"
session_info_load_02,"infobase","717bdda7-2f60-4577-b262-f1fc8c0e472c"
session_info_load_02,"connection","00000000-0000-0000-0000-000000000000"
session_info_load_02,"process","00000000-0000-0000-0000-000000000000"
session_info_load_02,"user-name","DefUser"
session_info_load_02,"host","alko-home"
session_info_load_02,"app-id","1CV8C"
session_info_load_02,"locale","ru"
session_info_load_02,"started-at","2026-02-15T00:10:57"
session_info_load_02,"last-active-at","2026-02-16T00:27:58"
session_info_load_02,"hibernate","no"
session_info_load_02,"passive-session-hibernate-time","1200"
session_info_load_02,"hibernate-session-terminate-time","86400"
session_info_load_02,"blocked-by-dbms","0"
session_info_load_02,"blocked-by-ls","0"
session_info_load_02,"bytes-all","25518579"
session_info_load_02,"bytes-last-5min","3986869"
session_info_load_02,"calls-all","20837"
session_info_load_02,"calls-last-5min","3176"
session_info_load_02,"dbms-bytes-all","35660531"
session_info_load_02,"dbms-bytes-last-5min","5333374"
session_info_load_02,"db-proc-info",""
session_info_load_02,"db-proc-took","0"
session_info_load_02,"db-proc-took-at",""
session_info_load_02,"duration-all","491786"
session_info_load_02,"duration-all-dbms","20566"
session_info_load_02,"duration-current","0"
session_info_load_02,"duration-current-dbms","0"
session_info_load_02,"duration-last-5min","66726"
session_info_load_02,"duration-last-5min-dbms","2905"
session_info_load_02,"memory-current","0"
session_info_load_02,"memory-last-5min","39457106"
session_info_load_02,"memory-total","592145407"
session_info_load_02,"read-current","0"
session_info_load_02,"read-last-5min","1068960"
session_info_load_02,"read-total","28117454"
session_info_load_02,"write-current","0"
session_info_load_02,"write-last-5min","202023"
session_info_load_02,"write-total","15352322"
session_info_load_02,"duration-current-service","0"
session_info_load_02,"duration-last-5min-service","2273"
session_info_load_02,"duration-all-service","16273"
session_info_load_02,"current-service-name",""
session_info_load_02,"cpu-time-current","0"
session_info_load_02,"cpu-time-last-5min","26581"
session_info_load_02,"cpu-time-total","195998"
session_info_load_02,"data-separation","''"
session_info_load_02,"client-ip","127.0.0.1"
session_info_load_03,"session","25510e27-f24a-4586-9ac9-9f7837c0dea1"
session_info_load_03,"session-id","3"
session_info_load_03,"infobase","717bdda7-2f60-4577-b262-f1fc8c0e472c"
session_info_load_03,"connection","00000000-0000-0000-0000-000000000000"
session_info_load_03,"process","00000000-0000-0000-0000-000000000000"
session_info_load_03,"user-name","DefUser"
session_info_load_03,"host","alko-home"
session_info_load_03,"app-id","1CV8C"
session_info_load_03,"locale","ru"
session_info_load_03,"started-at","2026-02-15T00:10:57"
session_info_load_03,"last-active-at","2026-02-16T00:28:08"
session_info_load_03,"hibernate","no"
session_info_load_03,"passive-session-hibernate-time","1200"
session_info_load_03,"hibernate-session-terminate-time","86400"
session_info_load_03,"blocked-by-dbms","0"
session_info_load_03,"blocked-by-ls","0"
session_info_load_03,"bytes-all","26066043"
session_info_load_03,"bytes-last-5min","4516786"
session_info_load_03,"calls-all","21280"
session_info_load_03,"calls-last-5min","3613"
session_info_load_03,"dbms-bytes-all","36874644"
session_info_load_03,"dbms-bytes-last-5min","6544359"
session_info_load_03,"db-proc-info",""
session_info_load_03,"db-proc-took","0"
session_info_load_03,"db-proc-took-at",""
session_info_load_03,"duration-all","497437"
session_info_load_03,"duration-all-dbms","21460"
session_info_load_03,"duration-current","0"
session_info_load_03,"duration-current-dbms","0"
session_info_load_03,"duration-last-5min","72351"
session_info_load_03,"duration-last-5min-dbms","3797"
session_info_load_03,"memory-current","0"
session_info_load_03,"memory-last-5min","39353066"
session_info_load_03,"memory-total","592039639"
session_info_load_03,"read-current","0"
session_info_load_03,"read-last-5min","1254920"
session_info_load_03,"read-total","28303414"
session_info_load_03,"write-current","0"
session_info_load_03,"write-last-5min","225160"
session_info_load_03,"write-total","15375459"
session_info_load_03,"duration-current-service","0"
session_info_load_03,"duration-last-5min-service","2910"
session_info_load_03,"duration-all-service","16910"
session_info_load_03,"current-service-name",""
session_info_load_03,"cpu-time-current","0"
session_info_load_03,"cpu-time-last-5min","30466"
session_info_load_03,"cpu-time-total","199902"
session_info_load_03,"data-separation","''"
session_info_load_03,"client-ip","127.0.0.1"
session_info_load_04,"session","25510e27-f24a-4586-9ac9-9f7837c0dea1"
session_info_load_04,"session-id","3"
session_info_load_04,"infobase","717bdda7-2f60-4577-b262-f1fc8c0e472c"
session_info_load_04,"connection","e41e750e-56d7-40fb-b2e0-5e71b8e8f508"
session_info_load_04,"process","f77f2c1d-1e5b-4855-a0b9-94390ccd4ce5"
session_info_load_04,"user-name","DefUser"
session_info_load_04,"host","alko-home"
session_info_load_04,"app-id","1CV8C"
session_info_load_04,"locale","ru"
session_info_load_04,"started-at","2026-02-15T00:10:57"
session_info_load_04,"last-active-at","2026-02-16T00:28:19"
session_info_load_04,"hibernate","no"
session_info_load_04,"passive-session-hibernate-time","1200"
session_info_load_04,"hibernate-session-terminate-time","86400"
session_info_load_04,"blocked-by-dbms","0"
session_info_load_04,"blocked-by-ls","0"
session_info_load_04,"bytes-all","26423906"
session_info_load_04,"bytes-last-5min","4874649"
session_info_load_04,"calls-all","21579"
session_info_load_04,"calls-last-5min","3912"
session_info_load_04,"dbms-bytes-all","37506321"
session_info_load_04,"dbms-bytes-last-5min","7176036"
session_info_load_04,"db-proc-info",""
session_info_load_04,"db-proc-took","0"
session_info_load_04,"db-proc-took-at",""
session_info_load_04,"duration-all","501903"
session_info_load_04,"duration-all-dbms","21912"
session_info_load_04,"duration-current","5"
session_info_load_04,"duration-current-dbms","0"
session_info_load_04,"duration-last-5min","76817"
session_info_load_04,"duration-last-5min-dbms","4249"
session_info_load_04,"memory-current","174352"
session_info_load_04,"memory-last-5min","39359969"
session_info_load_04,"memory-total","592046542"
session_info_load_04,"read-current","0"
session_info_load_04,"read-last-5min","1362556"
session_info_load_04,"read-total","28411050"
session_info_load_04,"write-current","0"
session_info_load_04,"write-last-5min","227737"
session_info_load_04,"write-total","15378036"
session_info_load_04,"duration-current-service","0"
session_info_load_04,"duration-last-5min-service","3313"
session_info_load_04,"duration-all-service","17313"
session_info_load_04,"current-service-name",""
session_info_load_04,"cpu-time-current","4"
session_info_load_04,"cpu-time-last-5min","33899"
session_info_load_04,"cpu-time-total","203335"
session_info_load_04,"data-separation","''"
session_info_load_04,"client-ip","127.0.0.1"
session_info_load_05,"session","25510e27-f24a-4586-9ac9-9f7837c0dea1"
session_info_load_05,"session-id","3"
session_info_load_05,"infobase","717bdda7-2f60-4577-b262-f1fc8c0e472c"
session_info_load_05,"connection","00000000-0000-0000-0000-000000000000"
session_info_load_05,"process","00000000-0000-0000-0000-000000000000"
session_info_load_05,"user-name","DefUser"
session_info_load_05,"host","alko-home"
session_info_load_05,"app-id","1CV8C"
session_info_load_05,"locale","ru"
session_info_load_05,"started-at","2026-02-15T00:10:57"
session_info_load_05,"last-active-at","2026-02-16T00:28:30"
session_info_load_05,"hibernate","no"
session_info_load_05,"passive-session-hibernate-time","1200"
session_info_load_05,"hibernate-session-terminate-time","86400"
session_info_load_05,"blocked-by-dbms","0"
session_info_load_05,"blocked-by-ls","0"
session_info_load_05,"bytes-all","26699838"
session_info_load_05,"bytes-last-5min","5150581"
session_info_load_05,"calls-all","21811"
session_info_load_05,"calls-last-5min","4144"
session_info_load_05,"dbms-bytes-all","37606684"
session_info_load_05,"dbms-bytes-last-5min","7276399"
session_info_load_05,"db-proc-info",""
session_info_load_05,"db-proc-took","0"
session_info_load_05,"db-proc-took-at",""
session_info_load_05,"duration-all","507059"
session_info_load_05,"duration-all-dbms","21953"
session_info_load_05,"duration-current","0"
session_info_load_05,"duration-current-dbms","0"
session_info_load_05,"duration-last-5min","81973"
session_info_load_05,"duration-last-5min-dbms","4290"
session_info_load_05,"memory-current","0"
session_info_load_05,"memory-last-5min","39362926"
session_info_load_05,"memory-total","592049499"
session_info_load_05,"read-current","0"
session_info_load_05,"read-last-5min","1370674"
session_info_load_05,"read-total","28419168"
session_info_load_05,"write-current","0"
session_info_load_05,"write-last-5min","228901"
session_info_load_05,"write-total","15379200"
session_info_load_05,"duration-current-service","0"
session_info_load_05,"duration-last-5min-service","3352"
session_info_load_05,"duration-all-service","17352"
session_info_load_05,"current-service-name",""
session_info_load_05,"cpu-time-current","0"
session_info_load_05,"cpu-time-last-5min","35751"
session_info_load_05,"cpu-time-total","205187"
session_info_load_05,"data-separation","''"
session_info_load_05,"client-ip","127.0.0.1"
session_info_load_06,"session","25510e27-f24a-4586-9ac9-9f7837c0dea1"
session_info_load_06,"session-id","3"
session_info_load_06,"infobase","717bdda7-2f60-4577-b262-f1fc8c0e472c"
session_info_load_06,"connection","00000000-0000-0000-0000-000000000000"
session_info_load_06,"process","00000000-0000-0000-0000-000000000000"
session_info_load_06,"user-name","DefUser"
session_info_load_06,"host","alko-home"
session_info_load_06,"app-id","1CV8C"
session_info_load_06,"locale","ru"
session_info_load_06,"started-at","2026-02-15T00:10:57"
session_info_load_06,"last-active-at","2026-02-16T00:28:40"
session_info_load_06,"hibernate","no"
session_info_load_06,"passive-session-hibernate-time","1200"
session_info_load_06,"hibernate-session-terminate-time","86400"
session_info_load_06,"blocked-by-dbms","0"
session_info_load_06,"blocked-by-ls","0"
session_info_load_06,"bytes-all","27321514"
session_info_load_06,"bytes-last-5min","5772257"
session_info_load_06,"calls-all","22322"
session_info_load_06,"calls-last-5min","4655"
session_info_load_06,"dbms-bytes-all","38290574"
session_info_load_06,"dbms-bytes-last-5min","7960289"
session_info_load_06,"db-proc-info",""
session_info_load_06,"db-proc-took","0"
session_info_load_06,"db-proc-took-at",""
session_info_load_06,"duration-all","511718"
session_info_load_06,"duration-all-dbms","22347"
session_info_load_06,"duration-current","0"
session_info_load_06,"duration-current-dbms","0"
session_info_load_06,"duration-last-5min","86632"
session_info_load_06,"duration-last-5min-dbms","4684"
session_info_load_06,"memory-current","0"
session_info_load_06,"memory-last-5min","39734126"
session_info_load_06,"memory-total","592420699"
session_info_load_06,"read-current","0"
session_info_load_06,"read-last-5min","1396983"
session_info_load_06,"read-total","28445477"
session_info_load_06,"write-current","0"
session_info_load_06,"write-last-5min","228901"
session_info_load_06,"write-total","15379200"
session_info_load_06,"duration-current-service","0"
session_info_load_06,"duration-last-5min-service","3631"
session_info_load_06,"duration-all-service","17631"
session_info_load_06,"current-service-name",""
session_info_load_06,"cpu-time-current","0"
session_info_load_06,"cpu-time-last-5min","39317"
session_info_load_06,"cpu-time-total","208753"
session_info_load_06,"data-separation","''"
session_info_load_06,"client-ip","127.0.0.1"
session_info_load_07,"session","25510e27-f24a-4586-9ac9-9f7837c0dea1"
session_info_load_07,"session-id","3"
session_info_load_07,"infobase","717bdda7-2f60-4577-b262-f1fc8c0e472c"
session_info_load_07,"connection","e41e750e-56d7-40fb-b2e0-5e71b8e8f508"
session_info_load_07,"process","f77f2c1d-1e5b-4855-a0b9-94390ccd4ce5"
session_info_load_07,"user-name","DefUser"
session_info_load_07,"host","alko-home"
session_info_load_07,"app-id","1CV8C"
session_info_load_07,"locale","ru"
session_info_load_07,"started-at","2026-02-15T00:10:57"
session_info_load_07,"last-active-at","2026-02-16T00:28:41"
session_info_load_07,"hibernate","no"
session_info_load_07,"passive-session-hibernate-time","1200"
session_info_load_07,"hibernate-session-terminate-time","86400"
session_info_load_07,"blocked-by-dbms","0"
session_info_load_07,"blocked-by-ls","6"
session_info_load_07,"bytes-all","27380042"
session_info_load_07,"bytes-last-5min","5830785"
session_info_load_07,"calls-all","22367"
session_info_load_07,"calls-last-5min","4700"
session_info_load_07,"dbms-bytes-all","38620496"
session_info_load_07,"dbms-bytes-last-5min","8290211"
session_info_load_07,"db-proc-info","""5719"""
session_info_load_07,"db-proc-took","8387"
session_info_load_07,"db-proc-took-at","2026-02-16T00:28:42"
session_info_load_07,"duration-all","512380"
session_info_load_07,"duration-all-dbms","22586"
session_info_load_07,"duration-current","9577"
session_info_load_07,"duration-current-dbms","0"
session_info_load_07,"duration-last-5min","87294"
session_info_load_07,"duration-last-5min-dbms","4923"
session_info_load_07,"memory-current","-47080"
session_info_load_07,"memory-last-5min","39698798"
session_info_load_07,"memory-total","592385371"
session_info_load_07,"read-current","16176"
session_info_load_07,"read-last-5min","1404449"
session_info_load_07,"read-total","28452943"
session_info_load_07,"write-current","0"
session_info_load_07,"write-last-5min","228901"
session_info_load_07,"write-total","15379200"
session_info_load_07,"duration-current-service","0"
session_info_load_07,"duration-last-5min-service","3828"
session_info_load_07,"duration-all-service","17828"
session_info_load_07,"current-service-name",""
session_info_load_07,"cpu-time-current","1051"
session_info_load_07,"cpu-time-last-5min","39720"
session_info_load_07,"cpu-time-total","209156"
session_info_load_07,"data-separation","''"
session_info_load_07,"client-ip","127.0.0.1"
session_info_load_08,"session","25510e27-f24a-4586-9ac9-9f7837c0dea1"
session_info_load_08,"session-id","3"
session_info_load_08,"infobase","717bdda7-2f60-4577-b262-f1fc8c0e472c"
session_info_load_08,"connection","e41e750e-56d7-40fb-b2e0-5e71b8e8f508"
session_info_load_08,"process","f77f2c1d-1e5b-4855-a0b9-94390ccd4ce5"
session_info_load_08,"user-name","DefUser"
session_info_load_08,"host","alko-home"
session_info_load_08,"app-id","1CV8C"
session_info_load_08,"locale","ru"
session_info_load_08,"started-at","2026-02-15T00:10:57"
session_info_load_08,"last-active-at","2026-02-16T00:28:41"
session_info_load_08,"hibernate","no"
session_info_load_08,"passive-session-hibernate-time","1200"
session_info_load_08,"hibernate-session-terminate-time","86400"
session_info_load_08,"blocked-by-dbms","0"
session_info_load_08,"blocked-by-ls","6"
session_info_load_08,"bytes-all","27380042"
session_info_load_08,"bytes-last-5min","5830785"
session_info_load_08,"calls-all","22367"
session_info_load_08,"calls-last-5min","4700"
session_info_load_08,"dbms-bytes-all","38620496"
session_info_load_08,"dbms-bytes-last-5min","8290211"
session_info_load_08,"db-proc-info","""5719"""
session_info_load_08,"db-proc-took","18982"
session_info_load_08,"db-proc-took-at","2026-02-16T00:28:42"
session_info_load_08,"duration-all","512380"
session_info_load_08,"duration-all-dbms","22586"
session_info_load_08,"duration-current","20172"
session_info_load_08,"duration-current-dbms","0"
session_info_load_08,"duration-last-5min","87294"
session_info_load_08,"duration-last-5min-dbms","4923"
session_info_load_08,"memory-current","-47080"
session_info_load_08,"memory-last-5min","39698798"
session_info_load_08,"memory-total","592385371"
session_info_load_08,"read-current","16176"
session_info_load_08,"read-last-5min","1404449"
session_info_load_08,"read-total","28452943"
session_info_load_08,"write-current","0"
session_info_load_08,"write-last-5min","228901"
session_info_load_08,"write-total","15379200"
session_info_load_08,"duration-current-service","0"
session_info_load_08,"duration-last-5min-service","3828"
session_info_load_08,"duration-all-service","17828"
session_info_load_08,"current-service-name",""
session_info_load_08,"cpu-time-current","1051"
session_info_load_08,"cpu-time-last-5min","39720"
session_info_load_08,"cpu-time-total","209156"
session_info_load_08,"data-separation","''"
session_info_load_08,"client-ip","127.0.0.1"
session_info_load_09,"session","25510e27-f24a-4586-9ac9-9f7837c0dea1"
session_info_load_09,"session-id","3"
session_info_load_09,"infobase","717bdda7-2f60-4577-b262-f1fc8c0e472c"
session_info_load_09,"connection","e41e750e-56d7-40fb-b2e0-5e71b8e8f508"
session_info_load_09,"process","f77f2c1d-1e5b-4855-a0b9-94390ccd4ce5"
session_info_load_09,"user-name","DefUser"
session_info_load_09,"host","alko-home"
session_info_load_09,"app-id","1CV8C"
session_info_load_09,"locale","ru"
session_info_load_09,"started-at","2026-02-15T00:10:57"
session_info_load_09,"last-active-at","2026-02-16T00:28:41"
session_info_load_09,"hibernate","no"
session_info_load_09,"passive-session-hibernate-time","1200"
session_info_load_09,"hibernate-session-terminate-time","86400"
session_info_load_09,"blocked-by-dbms","0"
session_info_load_09,"blocked-by-ls","6"
session_info_load_09,"bytes-all","27380042"
session_info_load_09,"bytes-last-5min","5830785"
session_info_load_09,"calls-all","22367"
session_info_load_09,"calls-last-5min","4700"
session_info_load_09,"dbms-bytes-all","38691789"
session_info_load_09,"dbms-bytes-last-5min","8361504"
session_info_load_09,"db-proc-info","""5719"""
session_info_load_09,"db-proc-took","8280"
session_info_load_09,"db-proc-took-at","2026-02-16T00:29:04"
session_info_load_09,"duration-all","512380"
session_info_load_09,"duration-all-dbms","22625"
session_info_load_09,"duration-current","30764"
session_info_load_09,"duration-current-dbms","0"
session_info_load_09,"duration-last-5min","87294"
session_info_load_09,"duration-last-5min-dbms","4962"
session_info_load_09,"memory-current","-58800"
session_info_load_09,"memory-last-5min","39698798"
session_info_load_09,"memory-total","592385371"
session_info_load_09,"read-current","20220"
session_info_load_09,"read-last-5min","1404449"
session_info_load_09,"read-total","28452943"
session_info_load_09,"write-current","0"
session_info_load_09,"write-last-5min","228901"
session_info_load_09,"write-total","15379200"
session_info_load_09,"duration-current-service","0"
session_info_load_09,"duration-last-5min-service","3858"
session_info_load_09,"duration-all-service","17858"
session_info_load_09,"current-service-name",""
session_info_load_09,"cpu-time-current","1283"
session_info_load_09,"cpu-time-last-5min","39720"
session_info_load_09,"cpu-time-total","209156"
session_info_load_09,"data-separation","''"
session_info_load_09,"client-ip","127.0.0.1"
session_info_load_10,"session","25510e27-f24a-4586-9ac9-9f7837c0dea1"
session_info_load_10,"session-id","3"
session_info_load_10,"infobase","717bdda7-2f60-4577-b262-f1fc8c0e472c"
session_info_load_10,"connection","00000000-0000-0000-0000-000000000000"
session_info_load_10,"process","00000000-0000-0000-0000-000000000000"
session_info_load_10,"user-name","DefUser"
session_info_load_10,"host","alko-home"
session_info_load_10,"app-id","1CV8C"
session_info_load_10,"locale","ru"
session_info_load_10,"started-at","2026-02-15T00:10:57"
session_info_load_10,"last-active-at","2026-02-16T00:29:23"
session_info_load_10,"hibernate","no"
session_info_load_10,"passive-session-hibernate-time","1200"
session_info_load_10,"hibernate-session-terminate-time","86400"
session_info_load_10,"blocked-by-dbms","0"
session_info_load_10,"blocked-by-ls","0"
session_info_load_10,"bytes-all","27923994"
session_info_load_10,"bytes-last-5min","6374737"
session_info_load_10,"calls-all","22824"
session_info_load_10,"calls-last-5min","5157"
session_info_load_10,"dbms-bytes-all","39205906"
session_info_load_10,"dbms-bytes-last-5min","8875621"
session_info_load_10,"db-proc-info",""
session_info_load_10,"db-proc-took","0"
session_info_load_10,"db-proc-took-at",""
session_info_load_10,"duration-all","548393"
session_info_load_10,"duration-all-dbms","23050"
session_info_load_10,"duration-current","0"
session_info_load_10,"duration-current-dbms","0"
session_info_load_10,"duration-last-5min","123307"
session_info_load_10,"duration-last-5min-dbms","5387"
session_info_load_10,"memory-current","0"
session_info_load_10,"memory-last-5min","39069270"
session_info_load_10,"memory-total","591755843"
session_info_load_10,"read-current","0"
session_info_load_10,"read-last-5min","1474909"
session_info_load_10,"read-total","28523403"
session_info_load_10,"write-current","0"
session_info_load_10,"write-last-5min","228901"
session_info_load_10,"write-total","15379200"
session_info_load_10,"duration-current-service","0"
session_info_load_10,"duration-last-5min-service","4157"
session_info_load_10,"duration-all-service","18157"
session_info_load_10,"current-service-name",""
session_info_load_10,"cpu-time-current","0"
session_info_load_10,"cpu-time-last-5min","44622"
session_info_load_10,"cpu-time-total","214058"
session_info_load_10,"data-separation","''"
session_info_load_10,"client-ip","127.0.0.1"
session_info_load_11,"session","25510e27-f24a-4586-9ac9-9f7837c0dea1"
session_info_load_11,"session-id","3"
session_info_load_11,"infobase","717bdda7-2f60-4577-b262-f1fc8c0e472c"
session_info_load_11,"connection","00000000-0000-0000-0000-000000000000"
session_info_load_11,"process","00000000-0000-0000-0000-000000000000"
session_info_load_11,"user-name","DefUser"
session_info_load_11,"host","alko-home"
session_info_load_11,"app-id","1CV8C"
session_info_load_11,"locale","ru"
session_info_load_11,"started-at","2026-02-15T00:10:57"
session_info_load_11,"last-active-at","2026-02-16T00:29:33"
session_info_load_11,"hibernate","no"
session_info_load_11,"passive-session-hibernate-time","1200"
session_info_load_11,"hibernate-session-terminate-time","86400"
session_info_load_11,"blocked-by-dbms","0"
session_info_load_11,"blocked-by-ls","0"
session_info_load_11,"bytes-all","28547475"
session_info_load_11,"bytes-last-5min","6606109"
session_info_load_11,"calls-all","23321"
session_info_load_11,"calls-last-5min","5367"
session_info_load_11,"dbms-bytes-all","39797688"
session_info_load_11,"dbms-bytes-last-5min","8832009"
session_info_load_11,"db-proc-info",""
session_info_load_11,"db-proc-took","0"
session_info_load_11,"db-proc-took-at",""
session_info_load_11,"duration-all","553655"
session_info_load_11,"duration-all-dbms","23434"
session_info_load_11,"duration-current","0"
session_info_load_11,"duration-current-dbms","0"
session_info_load_11,"duration-last-5min","125306"
session_info_load_11,"duration-last-5min-dbms","5480"
session_info_load_11,"memory-current","0"
session_info_load_11,"memory-last-5min","25989402"
session_info_load_11,"memory-total","591853107"
session_info_load_11,"read-current","0"
session_info_load_11,"read-last-5min","1401051"
session_info_load_11,"read-total","28599086"
session_info_load_11,"write-current","0"
session_info_load_11,"write-last-5min","189652"
session_info_load_11,"write-total","15379200"
session_info_load_11,"duration-current-service","0"
session_info_load_11,"duration-last-5min-service","4301"
session_info_load_11,"duration-all-service","18506"
session_info_load_11,"current-service-name",""
session_info_load_11,"cpu-time-current","0"
session_info_load_11,"cpu-time-last-5min","46062"
session_info_load_11,"cpu-time-total","218137"
session_info_load_11,"data-separation","''"
session_info_load_11,"client-ip","127.0.0.1"
session_info_load_12,"session","25510e27-f24a-4586-9ac9-9f7837c0dea1"
session_info_load_12,"session-id","3"
session_info_load_12,"infobase","717bdda7-2f60-4577-b262-f1fc8c0e472c"
session_info_load_12,"connection","00000000-0000-0000-0000-000000000000"
session_info_load_12,"process","00000000-0000-0000-0000-000000000000"
session_info_load_12,"user-name","DefUser"
session_info_load_12,"host","alko-home"
session_info_load_12,"app-id","1CV8C"
session_info_load_12,"locale","ru"
session_info_load_12,"started-at","2026-02-15T00:10:57"
session_info_load_12,"last-active-at","2026-02-16T00:29:34"
session_info_load_12,"hibernate","no"
session_info_load_12,"passive-session-hibernate-time","1200"
session_info_load_12,"hibernate-session-terminate-time","86400"
session_info_load_12,"blocked-by-dbms","0"
session_info_load_12,"blocked-by-ls","0"
session_info_load_12,"bytes-all","28598081"
session_info_load_12,"bytes-last-5min","6656715"
session_info_load_12,"calls-all","23353"
session_info_load_12,"calls-last-5min","5399"
session_info_load_12,"dbms-bytes-all","39802649"
session_info_load_12,"dbms-bytes-last-5min","8836970"
session_info_load_12,"db-proc-info",""
session_info_load_12,"db-proc-took","0"
session_info_load_12,"db-proc-took-at",""
session_info_load_12,"duration-all","553792"
session_info_load_12,"duration-all-dbms","23442"
session_info_load_12,"duration-current","0"
session_info_load_12,"duration-current-dbms","0"
session_info_load_12,"duration-last-5min","125443"
session_info_load_12,"duration-last-5min-dbms","5488"
session_info_load_12,"memory-current","0"
session_info_load_12,"memory-last-5min","25432130"
session_info_load_12,"memory-total","591295835"
session_info_load_12,"read-current","0"
session_info_load_12,"read-last-5min","1404695"
session_info_load_12,"read-total","28602730"
session_info_load_12,"write-current","0"
session_info_load_12,"write-last-5min","189652"
session_info_load_12,"write-total","15379200"
session_info_load_12,"duration-current-service","0"
session_info_load_12,"duration-last-5min-service","4301"
session_info_load_12,"duration-all-service","18506"
session_info_load_12,"current-service-name",""
session_info_load_12,"cpu-time-current","0"
session_info_load_12,"cpu-time-last-5min","46161"
session_info_load_12,"cpu-time-total","218236"
session_info_load_12,"data-separation","''"
session_info_load_12,"client-ip","127.0.0.1"
session_info_load_13,"session","25510e27-f24a-4586-9ac9-9f7837c0dea1"
session_info_load_13,"session-id","3"
session_info_load_13,"infobase","717bdda7-2f60-4577-b262-f1fc8c0e472c"
session_info_load_13,"connection","00000000-0000-0000-0000-000000000000"
session_info_load_13,"process","00000000-0000-0000-0000-000000000000"
session_info_load_13,"user-name","DefUser"
session_info_load_13,"host","alko-home"
session_info_load_13,"app-id","1CV8C"
session_info_load_13,"locale","ru"
session_info_load_13,"started-at","2026-02-15T00:10:57"
session_info_load_13,"last-active-at","2026-02-16T00:29:34"
session_info_load_13,"hibernate","no"
session_info_load_13,"passive-session-hibernate-time","1200"
session_info_load_13,"hibernate-session-terminate-time","86400"
session_info_load_13,"blocked-by-dbms","0"
session_info_load_13,"blocked-by-ls","0"
session_info_load_13,"bytes-all","28598081"
session_info_load_13,"bytes-last-5min","6656715"
session_info_load_13,"calls-all","23353"
session_info_load_13,"calls-last-5min","5399"
session_info_load_13,"dbms-bytes-all","39802649"
session_info_load_13,"dbms-bytes-last-5min","8836970"
session_info_load_13,"db-proc-info",""
session_info_load_13,"db-proc-took","0"
session_info_load_13,"db-proc-took-at",""
session_info_load_13,"duration-all","553792"
session_info_load_13,"duration-all-dbms","23442"
session_info_load_13,"duration-current","0"
session_info_load_13,"duration-current-dbms","0"
session_info_load_13,"duration-last-5min","125443"
session_info_load_13,"duration-last-5min-dbms","5488"
session_info_load_13,"memory-current","0"
session_info_load_13,"memory-last-5min","25432130"
session_info_load_13,"memory-total","591295835"
session_info_load_13,"read-current","0"
session_info_load_13,"read-last-5min","1404695"
session_info_load_13,"read-total","28602730"
session_info_load_13,"write-current","0"
session_info_load_13,"write-last-5min","189652"
session_info_load_13,"write-total","15379200"
session_info_load_13,"duration-current-service","0"
session_info_load_13,"duration-last-5min-service","4301"
session_info_load_13,"duration-all-service","18506"
session_info_load_13,"current-service-name",""
session_info_load_13,"cpu-time-current","0"
session_info_load_13,"cpu-time-last-5min","46161"
session_info_load_13,"cpu-time-total","218236"
session_info_load_13,"data-separation","''"
session_info_load_13,"client-ip","127.0.0.1"
session_info_load_14,"session","25510e27-f24a-4586-9ac9-9f7837c0dea1"
session_info_load_14,"session-id","3"
session_info_load_14,"infobase","717bdda7-2f60-4577-b262-f1fc8c0e472c"
session_info_load_14,"connection","00000000-0000-0000-0000-000000000000"
session_info_load_14,"process","00000000-0000-0000-0000-000000000000"
session_info_load_14,"user-name","DefUser"
session_info_load_14,"host","alko-home"
session_info_load_14,"app-id","1CV8C"
session_info_load_14,"locale","ru"
session_info_load_14,"started-at","2026-02-15T00:10:57"
session_info_load_14,"last-active-at","2026-02-16T00:29:34"
session_info_load_14,"hibernate","no"
session_info_load_14,"passive-session-hibernate-time","1200"
session_info_load_14,"hibernate-session-terminate-time","86400"
session_info_load_14,"blocked-by-dbms","0"
session_info_load_14,"blocked-by-ls","0"
session_info_load_14,"bytes-all","28598081"
session_info_load_14,"bytes-last-5min","5537770"
session_info_load_14,"calls-all","23353"
session_info_load_14,"calls-last-5min","4478"
session_info_load_14,"dbms-bytes-all","39802649"
session_info_load_14,"dbms-bytes-last-5min","6830406"
session_info_load_14,"db-proc-info",""
session_info_load_14,"db-proc-took","0"
session_info_load_14,"db-proc-took-at",""
session_info_load_14,"duration-all","553792"
session_info_load_14,"duration-all-dbms","23442"
session_info_load_14,"duration-current","0"
session_info_load_14,"duration-current-dbms","0"
session_info_load_14,"duration-last-5min","114803"
session_info_load_14,"duration-last-5min-dbms","4338"
session_info_load_14,"memory-current","0"
session_info_load_14,"memory-last-5min","18670033"
session_info_load_14,"memory-total","591295835"
session_info_load_14,"read-current","0"
session_info_load_14,"read-last-5min","964382"
session_info_load_14,"read-total","28602730"
session_info_load_14,"write-current","0"
session_info_load_14,"write-last-5min","118631"
session_info_load_14,"write-total","15379200"
session_info_load_14,"duration-current-service","0"
session_info_load_14,"duration-last-5min-service","3434"
session_info_load_14,"duration-all-service","18506"
session_info_load_14,"current-service-name",""
session_info_load_14,"cpu-time-current","0"
session_info_load_14,"cpu-time-last-5min","38077"
session_info_load_14,"cpu-time-total","218236"
session_info_load_14,"data-separation","''"
session_info_load_14,"client-ip","127.0.0.1"
session_info_load_15,"session","25510e27-f24a-4586-9ac9-9f7837c0dea1"
session_info_load_15,"session-id","3"
session_info_load_15,"infobase","717bdda7-2f60-4577-b262-f1fc8c0e472c"
session_info_load_15,"connection","00000000-0000-0000-0000-000000000000"
session_info_load_15,"process","00000000-0000-0000-0000-000000000000"
session_info_load_15,"user-name","DefUser"
session_info_load_15,"host","alko-home"
session_info_load_15,"app-id","1CV8C"
session_info_load_15,"locale","ru"
session_info_load_15,"started-at","2026-02-15T00:10:57"
session_info_load_15,"last-active-at","2026-02-16T00:29:34"
session_info_load_15,"hibernate","no"
session_info_load_15,"passive-session-hibernate-time","1200"
session_info_load_15,"hibernate-session-terminate-time","86400"
session_info_load_15,"blocked-by-dbms","0"
session_info_load_15,"blocked-by-ls","0"
session_info_load_15,"bytes-all","28598081"
session_info_load_15,"bytes-last-5min","4748706"
session_info_load_15,"calls-all","23353"
session_info_load_15,"calls-last-5min","3831"
session_info_load_15,"dbms-bytes-all","39802649"
session_info_load_15,"dbms-bytes-last-5min","5824413"
session_info_load_15,"db-proc-info",""
session_info_load_15,"db-proc-took","0"
session_info_load_15,"db-proc-took-at",""
session_info_load_15,"duration-all","553792"
session_info_load_15,"duration-all-dbms","23442"
session_info_load_15,"duration-current","0"
session_info_load_15,"duration-current-dbms","0"
session_info_load_15,"duration-last-5min","106050"
session_info_load_15,"duration-last-5min-dbms","3849"
session_info_load_15,"memory-current","0"
session_info_load_15,"memory-last-5min","18538377"
session_info_load_15,"memory-total","591295835"
session_info_load_15,"read-current","0"
session_info_load_15,"read-last-5min","930775"
session_info_load_15,"read-total","28602730"
session_info_load_15,"write-current","0"
session_info_load_15,"write-last-5min","109901"
session_info_load_15,"write-total","15379200"
session_info_load_15,"duration-current-service","0"
session_info_load_15,"duration-last-5min-service","3047"
session_info_load_15,"duration-all-service","18506"
session_info_load_15,"current-service-name",""
session_info_load_15,"cpu-time-current","0"
session_info_load_15,"cpu-time-last-5min","33712"
session_info_load_15,"cpu-time-total","218236"
session_info_load_15,"data-separation","''"
session_info_load_15,"client-ip","127.0.0.1"
session_info_load_16,"session","25510e27-f24a-4586-9ac9-9f7837c0dea1"
session_info_load_16,"session-id","3"
session_info_load_16,"infobase","717bdda7-2f60-4577-b262-f1fc8c0e472c"
session_info_load_16,"connection","00000000-0000-0000-0000-000000000000"
session_info_load_16,"process","00000000-0000-0000-0000-000000000000"
session_info_load_16,"user-name","DefUser"
session_info_load_16,"host","alko-home"
session_info_load_16,"app-id","1CV8C"
session_info_load_16,"locale","ru"
session_info_load_16,"started-at","2026-02-15T00:10:57"
session_info_load_16,"last-active-at","2026-02-16T00:29:34"
session_info_load_16,"hibernate","no"
session_info_load_16,"passive-session-hibernate-time","1200"
session_info_load_16,"hibernate-session-terminate-time","86400"
session_info_load_16,"blocked-by-dbms","0"
session_info_load_16,"blocked-by-ls","0"
session_info_load_16,"bytes-all","28598081"
session_info_load_16,"bytes-last-5min","4748706"
session_info_load_16,"calls-all","23353"
session_info_load_16,"calls-last-5min","3831"
session_info_load_16,"dbms-bytes-all","39802649"
session_info_load_16,"dbms-bytes-last-5min","5824413"
session_info_load_16,"db-proc-info",""
session_info_load_16,"db-proc-took","0"
session_info_load_16,"db-proc-took-at",""
session_info_load_16,"duration-all","553792"
session_info_load_16,"duration-all-dbms","23442"
session_info_load_16,"duration-current","0"
session_info_load_16,"duration-current-dbms","0"
session_info_load_16,"duration-last-5min","106050"
session_info_load_16,"duration-last-5min-dbms","3729"
session_info_load_16,"memory-current","0"
session_info_load_16,"memory-last-5min","18538377"
session_info_load_16,"memory-total","591295835"
session_info_load_16,"read-current","0"
session_info_load_16,"read-last-5min","930775"
session_info_load_16,"read-total","28602730"
session_info_load_16,"write-current","0"
session_info_load_16,"write-last-5min","109901"
session_info_load_16,"write-total","15379200"
session_info_load_16,"duration-current-service","0"
session_info_load_16,"duration-last-5min-service","2969"
session_info_load_16,"duration-all-service","18506"
session_info_load_16,"current-service-name",""
session_info_load_16,"cpu-time-current","0"
session_info_load_16,"cpu-time-last-5min","33712"
session_info_load_16,"cpu-time-total","218236"
session_info_load_16,"data-separation","''"
session_info_load_16,"client-ip","127.0.0.1"
session_info_load_17,"session","25510e27-f24a-4586-9ac9-9f7837c0dea1"
session_info_load_17,"session-id","3"
session_info_load_17,"infobase","717bdda7-2f60-4577-b262-f1fc8c0e472c"
session_info_load_17,"connection","00000000-0000-0000-0000-000000000000"
session_info_load_17,"process","00000000-0000-0000-0000-000000000000"
session_info_load_17,"user-name","DefUser"
session_info_load_17,"host","alko-home"
session_info_load_17,"app-id","1CV8C"
session_info_load_17,"locale","ru"
session_info_load_17,"started-at","2026-02-15T00:10:57"
session_info_load_17,"last-active-at","2026-02-16T00:29:34"
session_info_load_17,"hibernate","no"
session_info_load_17,"passive-session-hibernate-time","1200"
session_info_load_17,"hibernate-session-terminate-time","86400"
session_info_load_17,"blocked-by-dbms","0"
session_info_load_17,"blocked-by-ls","0"
session_info_load_17,"bytes-all","28598081"
session_info_load_17,"bytes-last-5min","4748706"
session_info_load_17,"calls-all","23353"
session_info_load_17,"calls-last-5min","3831"
session_info_load_17,"dbms-bytes-all","39802649"
session_info_load_17,"dbms-bytes-last-5min","5824413"
session_info_load_17,"db-proc-info",""
session_info_load_17,"db-proc-took","0"
session_info_load_17,"db-proc-took-at",""
session_info_load_17,"duration-all","553792"
session_info_load_17,"duration-all-dbms","23442"
session_info_load_17,"duration-current","0"
session_info_load_17,"duration-current-dbms","0"
session_info_load_17,"duration-last-5min","106050"
session_info_load_17,"duration-last-5min-dbms","3729"
session_info_load_17,"memory-current","0"
session_info_load_17,"memory-last-5min","18538377"
session_info_load_17,"memory-total","591295835"
session_info_load_17,"read-current","0"
session_info_load_17,"read-last-5min","930775"
session_info_load_17,"read-total","28602730"
session_info_load_17,"write-current","0"
session_info_load_17,"write-last-5min","109901"
session_info_load_17,"write-total","15379200"
session_info_load_17,"duration-current-service","0"
session_info_load_17,"duration-last-5min-service","2969"
session_info_load_17,"duration-all-service","18506"
session_info_load_17,"current-service-name",""
session_info_load_17,"cpu-time-current","0"
session_info_load_17,"cpu-time-last-5min","33712"
session_info_load_17,"cpu-time-total","218236"
session_info_load_17,"data-separation","''"
session_info_load_17,"client-ip","127.0.0.1"
session_info_load_18,"session","25510e27-f24a-4586-9ac9-9f7837c0dea1"
session_info_load_18,"session-id","3"
session_info_load_18,"infobase","717bdda7-2f60-4577-b262-f1fc8c0e472c"
session_info_load_18,"connection","00000000-0000-0000-0000-000000000000"
session_info_load_18,"process","00000000-0000-0000-0000-000000000000"
session_info_load_18,"user-name","DefUser"
session_info_load_18,"host","alko-home"
session_info_load_18,"app-id","1CV8C"
session_info_load_18,"locale","ru"
session_info_load_18,"started-at","2026-02-15T00:10:57"
session_info_load_18,"last-active-at","2026-02-16T00:29:34"
session_info_load_18,"hibernate","no"
session_info_load_18,"passive-session-hibernate-time","1200"
session_info_load_18,"hibernate-session-terminate-time","86400"
session_info_load_18,"blocked-by-dbms","0"
session_info_load_18,"blocked-by-ls","0"
session_info_load_18,"bytes-all","28598081"
session_info_load_18,"bytes-last-5min","4748706"
session_info_load_18,"calls-all","23353"
session_info_load_18,"calls-last-5min","3831"
session_info_load_18,"dbms-bytes-all","39802649"
session_info_load_18,"dbms-bytes-last-5min","5753064"
session_info_load_18,"db-proc-info",""
session_info_load_18,"db-proc-took","0"
session_info_load_18,"db-proc-took-at",""
session_info_load_18,"duration-all","553792"
session_info_load_18,"duration-all-dbms","23442"
session_info_load_18,"duration-current","0"
session_info_load_18,"duration-current-dbms","0"
session_info_load_18,"duration-last-5min","106050"
session_info_load_18,"duration-last-5min-dbms","3710"
session_info_load_18,"memory-current","0"
session_info_load_18,"memory-last-5min","18538377"
session_info_load_18,"memory-total","591295835"
session_info_load_18,"read-current","0"
session_info_load_18,"read-last-5min","930775"
session_info_load_18,"read-total","28602730"
session_info_load_18,"write-current","0"
session_info_load_18,"write-last-5min","109901"
session_info_load_18,"write-total","15379200"
session_info_load_18,"duration-current-service","0"
session_info_load_18,"duration-last-5min-service","2947"
session_info_load_18,"duration-all-service","18506"
session_info_load_18,"current-service-name",""
session_info_load_18,"cpu-time-current","0"
session_info_load_18,"cpu-time-last-5min","33712"
session_info_load_18,"cpu-time-total","218236"
session_info_load_18,"data-separation","''"
session_info_load_18,"client-ip","127.0.0.1"
session_info_load_19,"session","25510e27-f24a-4586-9ac9-9f7837c0dea1"
session_info_load_19,"session-id","3"
session_info_load_19,"infobase","717bdda7-2f60-4577-b262-f1fc8c0e472c"
session_info_load_19,"connection","00000000-0000-0000-0000-000000000000"
session_info_load_19,"process","00000000-0000-0000-0000-000000000000"
session_info_load_19,"user-name","DefUser"
session_info_load_19,"host","alko-home"
session_info_load_19,"app-id","1CV8C"
session_info_load_19,"locale","ru"
session_info_load_19,"started-at","2026-02-15T00:10:57"
session_info_load_19,"last-active-at","2026-02-16T00:29:34"
session_info_load_19,"hibernate","no"
session_info_load_19,"passive-session-hibernate-time","1200"
session_info_load_19,"hibernate-session-terminate-time","86400"
session_info_load_19,"blocked-by-dbms","0"
session_info_load_19,"blocked-by-ls","0"
session_info_load_19,"bytes-all","28598081"
session_info_load_19,"bytes-last-5min","3997515"
session_info_load_19,"calls-all","23353"
session_info_load_19,"calls-last-5min","3199"
session_info_load_19,"dbms-bytes-all","39802649"
session_info_load_19,"dbms-bytes-last-5min","5087794"
session_info_load_19,"db-proc-info",""
session_info_load_19,"db-proc-took","0"
session_info_load_19,"db-proc-took-at",""
session_info_load_19,"duration-all","553792"
session_info_load_19,"duration-all-dbms","23442"
session_info_load_19,"duration-current","0"
session_info_load_19,"duration-current-dbms","0"
session_info_load_19,"duration-last-5min","70310"
session_info_load_19,"duration-last-5min-dbms","3391"
session_info_load_19,"memory-current","0"
session_info_load_19,"memory-last-5min","18968833"
session_info_load_19,"memory-total","591295835"
session_info_load_19,"read-current","0"
session_info_load_19,"read-last-5min","858232"
session_info_load_19,"read-total","28602730"
session_info_load_19,"write-current","0"
session_info_load_19,"write-last-5min","108045"
session_info_load_19,"write-total","15379200"
session_info_load_19,"duration-current-service","0"
session_info_load_19,"duration-last-5min-service","2672"
session_info_load_19,"duration-all-service","18506"
session_info_load_19,"current-service-name",""
session_info_load_19,"cpu-time-current","0"
session_info_load_19,"cpu-time-last-5min","28987"
session_info_load_19,"cpu-time-total","218236"
session_info_load_19,"data-separation","''"
session_info_load_19,"client-ip","127.0.0.1"
session_info_load_20,"session","25510e27-f24a-4586-9ac9-9f7837c0dea1"
session_info_load_20,"session-id","3"
session_info_load_20,"infobase","717bdda7-2f60-4577-b262-f1fc8c0e472c"
session_info_load_20,"connection","00000000-0000-0000-0000-000000000000"
session_info_load_20,"process","00000000-0000-0000-0000-000000000000"
session_info_load_20,"user-name","DefUser"
session_info_load_20,"host","alko-home"
session_info_load_20,"app-id","1CV8C"
session_info_load_20,"locale","ru"
session_info_load_20,"started-at","2026-02-15T00:10:57"
session_info_load_20,"last-active-at","2026-02-16T00:31:03"
session_info_load_20,"hibernate","no"
session_info_load_20,"passive-session-hibernate-time","1200"
session_info_load_20,"hibernate-session-terminate-time","86400"
session_info_load_20,"blocked-by-dbms","0"
session_info_load_20,"blocked-by-ls","0"
session_info_load_20,"bytes-all","28598655"
session_info_load_20,"bytes-last-5min","3563878"
session_info_load_20,"calls-all","23354"
session_info_load_20,"calls-last-5min","2868"
session_info_load_20,"dbms-bytes-all","39802649"
session_info_load_20,"dbms-bytes-last-5min","4675866"
session_info_load_20,"db-proc-info",""
session_info_load_20,"db-proc-took","0"
session_info_load_20,"db-proc-took-at",""
session_info_load_20,"duration-all","553795"
session_info_load_20,"duration-all-dbms","23442"
session_info_load_20,"duration-current","0"
session_info_load_20,"duration-current-dbms","0"
session_info_load_20,"duration-last-5min","66437"
session_info_load_20,"duration-last-5min-dbms","3136"
session_info_load_20,"memory-current","0"
session_info_load_20,"memory-last-5min","19005577"
session_info_load_20,"memory-total","591295547"
session_info_load_20,"read-current","0"
session_info_load_20,"read-last-5min","784660"
session_info_load_20,"read-total","28602730"
session_info_load_20,"write-current","0"
session_info_load_20,"write-last-5min","108045"
session_info_load_20,"write-total","15379200"
session_info_load_20,"duration-current-service","0"
session_info_load_20,"duration-last-5min-service","2489"
session_info_load_20,"duration-all-service","18506"
session_info_load_20,"current-service-name",""
session_info_load_20,"cpu-time-current","0"
session_info_load_20,"cpu-time-last-5min","25933"
session_info_load_20,"cpu-time-total","218238"
session_info_load_20,"data-separation","''"
session_info_load_20,"client-ip","127.0.0.1"
session_info_load_21,"session","25510e27-f24a-4586-9ac9-9f7837c0dea1"
session_info_load_21,"session-id","3"
session_info_load_21,"infobase","717bdda7-2f60-4577-b262-f1fc8c0e472c"
session_info_load_21,"connection","00000000-0000-0000-0000-000000000000"
session_info_load_21,"process","00000000-0000-0000-0000-000000000000"
session_info_load_21,"user-name","DefUser"
session_info_load_21,"host","alko-home"
session_info_load_21,"app-id","1CV8C"
session_info_load_21,"locale","ru"
session_info_load_21,"started-at","2026-02-15T00:10:57"
session_info_load_21,"last-active-at","2026-02-16T00:31:03"
session_info_load_21,"hibernate","no"
session_info_load_21,"passive-session-hibernate-time","1200"
session_info_load_21,"hibernate-session-terminate-time","86400"
session_info_load_21,"blocked-by-dbms","0"
session_info_load_21,"blocked-by-ls","0"
session_info_load_21,"bytes-all","28598655"
session_info_load_21,"bytes-last-5min","3563878"
session_info_load_21,"calls-all","23354"
session_info_load_21,"calls-last-5min","2868"
session_info_load_21,"dbms-bytes-all","39802649"
session_info_load_21,"dbms-bytes-last-5min","4675866"
session_info_load_21,"db-proc-info",""
session_info_load_21,"db-proc-took","0"
session_info_load_21,"db-proc-took-at",""
session_info_load_21,"duration-all","553795"
session_info_load_21,"duration-all-dbms","23442"
session_info_load_21,"duration-current","0"
session_info_load_21,"duration-current-dbms","0"
session_info_load_21,"duration-last-5min","66437"
session_info_load_21,"duration-last-5min-dbms","3136"
session_info_load_21,"memory-current","0"
session_info_load_21,"memory-last-5min","19005577"
session_info_load_21,"memory-total","591295547"
session_info_load_21,"read-current","0"
session_info_load_21,"read-last-5min","784660"
session_info_load_21,"read-total","28602730"
session_info_load_21,"write-current","0"
session_info_load_21,"write-last-5min","108045"
session_info_load_21,"write-total","15379200"
session_info_load_21,"duration-current-service","0"
session_info_load_21,"duration-last-5min-service","2489"
session_info_load_21,"duration-all-service","18506"
session_info_load_21,"current-service-name",""
session_info_load_21,"cpu-time-current","0"
session_info_load_21,"cpu-time-last-5min","25933"
session_info_load_21,"cpu-time-total","218238"
session_info_load_21,"data-separation","''"
session_info_load_21,"client-ip","127.0.0.1"
session_info_load_22,"session","25510e27-f24a-4586-9ac9-9f7837c0dea1"
session_info_load_22,"session-id","3"
session_info_load_22,"infobase","717bdda7-2f60-4577-b262-f1fc8c0e472c"
session_info_load_22,"connection","00000000-0000-0000-0000-000000000000"
session_info_load_22,"process","00000000-0000-0000-0000-000000000000"
session_info_load_22,"user-name","DefUser"
session_info_load_22,"host","alko-home"
session_info_load_22,"app-id","1CV8C"
session_info_load_22,"locale","ru"
session_info_load_22,"started-at","2026-02-15T00:10:57"
session_info_load_22,"last-active-at","2026-02-16T00:31:03"
session_info_load_22,"hibernate","no"
session_info_load_22,"passive-session-hibernate-time","1200"
session_info_load_22,"hibernate-session-terminate-time","86400"
session_info_load_22,"blocked-by-dbms","0"
session_info_load_22,"blocked-by-ls","0"
session_info_load_22,"bytes-all","28598655"
session_info_load_22,"bytes-last-5min","3520520"
session_info_load_22,"calls-all","23354"
session_info_load_22,"calls-last-5min","2843"
session_info_load_22,"dbms-bytes-all","39802649"
session_info_load_22,"dbms-bytes-last-5min","4670905"
session_info_load_22,"db-proc-info",""
session_info_load_22,"db-proc-took","0"
session_info_load_22,"db-proc-took-at",""
session_info_load_22,"duration-all","553795"
session_info_load_22,"duration-all-dbms","23442"
session_info_load_22,"duration-current","0"
session_info_load_22,"duration-current-dbms","0"
session_info_load_22,"duration-last-5min","66299"
session_info_load_22,"duration-last-5min-dbms","3129"
session_info_load_22,"memory-current","0"
session_info_load_22,"memory-last-5min","19557585"
session_info_load_22,"memory-total","591295547"
session_info_load_22,"read-current","0"
session_info_load_22,"read-last-5min","777372"
session_info_load_22,"read-total","28602730"
session_info_load_22,"write-current","0"
session_info_load_22,"write-last-5min","108045"
session_info_load_22,"write-total","15379200"
session_info_load_22,"duration-current-service","0"
session_info_load_22,"duration-last-5min-service","2488"
session_info_load_22,"duration-all-service","18506"
session_info_load_22,"current-service-name",""
session_info_load_22,"cpu-time-current","0"
session_info_load_22,"cpu-time-last-5min","25829"
session_info_load_22,"cpu-time-total","218238"
session_info_load_22,"data-separation","''"
session_info_load_22,"client-ip","127.0.0.1"
session_info_load_23,"session","25510e27-f24a-4586-9ac9-9f7837c0dea1"
session_info_load_23,"session-id","3"
session_info_load_23,"infobase","717bdda7-2f60-4577-b262-f1fc8c0e472c"
session_info_load_23,"connection","00000000-0000-0000-0000-000000000000"
session_info_load_23,"process","00000000-0000-0000-0000-000000000000"
session_info_load_23,"user-name","DefUser"
session_info_load_23,"host","alko-home"
session_info_load_23,"app-id","1CV8C"
session_info_load_23,"locale","ru"
session_info_load_23,"started-at","2026-02-15T00:10:57"
session_info_load_23,"last-active-at","2026-02-16T00:31:03"
session_info_load_23,"hibernate","no"
session_info_load_23,"passive-session-hibernate-time","1200"
session_info_load_23,"hibernate-session-terminate-time","86400"
session_info_load_23,"blocked-by-dbms","0"
session_info_load_23,"blocked-by-ls","0"
session_info_load_23,"bytes-all","28598655"
session_info_load_23,"bytes-last-5min","3520520"
session_info_load_23,"calls-all","23354"
session_info_load_23,"calls-last-5min","2843"
session_info_load_23,"dbms-bytes-all","39802649"
session_info_load_23,"dbms-bytes-last-5min","4670905"
session_info_load_23,"db-proc-info",""
session_info_load_23,"db-proc-took","0"
session_info_load_23,"db-proc-took-at",""
session_info_load_23,"duration-all","553795"
session_info_load_23,"duration-all-dbms","23442"
session_info_load_23,"duration-current","0"
session_info_load_23,"duration-current-dbms","0"
session_info_load_23,"duration-last-5min","66299"
session_info_load_23,"duration-last-5min-dbms","3129"
session_info_load_23,"memory-current","0"
session_info_load_23,"memory-last-5min","19557585"
session_info_load_23,"memory-total","591295547"
session_info_load_23,"read-current","0"
session_info_load_23,"read-last-5min","777372"
session_info_load_23,"read-total","28602730"
session_info_load_23,"write-current","0"
session_info_load_23,"write-last-5min","108045"
session_info_load_23,"write-total","15379200"
session_info_load_23,"duration-current-service","0"
session_info_load_23,"duration-last-5min-service","2488"
session_info_load_23,"duration-all-service","18506"
session_info_load_23,"current-service-name",""
session_info_load_23,"cpu-time-current","0"
session_info_load_23,"cpu-time-last-5min","25829"
session_info_load_23,"cpu-time-total","218238"
session_info_load_23,"data-separation","''"
session_info_load_23,"client-ip","127.0.0.1"
session_info_load_24,"session","25510e27-f24a-4586-9ac9-9f7837c0dea1"
session_info_load_24,"session-id","3"
session_info_load_24,"infobase","717bdda7-2f60-4577-b262-f1fc8c0e472c"
session_info_load_24,"connection","00000000-0000-0000-0000-000000000000"
session_info_load_24,"process","00000000-0000-0000-0000-000000000000"
session_info_load_24,"user-name","DefUser"
session_info_load_24,"host","alko-home"
session_info_load_24,"app-id","1CV8C"
session_info_load_24,"locale","ru"
session_info_load_24,"started-at","2026-02-15T00:10:57"
session_info_load_24,"last-active-at","2026-02-16T00:31:03"
session_info_load_24,"hibernate","no"
session_info_load_24,"passive-session-hibernate-time","1200"
session_info_load_24,"hibernate-session-terminate-time","86400"
session_info_load_24,"blocked-by-dbms","0"
session_info_load_24,"blocked-by-ls","0"
session_info_load_24,"bytes-all","28598655"
session_info_load_24,"bytes-last-5min","3520520"
session_info_load_24,"calls-all","23354"
session_info_load_24,"calls-last-5min","2843"
session_info_load_24,"dbms-bytes-all","39802649"
session_info_load_24,"dbms-bytes-last-5min","4670905"
session_info_load_24,"db-proc-info",""
session_info_load_24,"db-proc-took","0"
session_info_load_24,"db-proc-took-at",""
session_info_load_24,"duration-all","553795"
session_info_load_24,"duration-all-dbms","23442"
session_info_load_24,"duration-current","0"
session_info_load_24,"duration-current-dbms","0"
session_info_load_24,"duration-last-5min","66299"
session_info_load_24,"duration-last-5min-dbms","3129"
session_info_load_24,"memory-current","0"
session_info_load_24,"memory-last-5min","19557585"
session_info_load_24,"memory-total","591295547"
session_info_load_24,"read-current","0"
session_info_load_24,"read-last-5min","777372"
session_info_load_24,"read-total","28602730"
session_info_load_24,"write-current","0"
session_info_load_24,"write-last-5min","108045"
session_info_load_24,"write-total","15379200"
session_info_load_24,"duration-current-service","0"
session_info_load_24,"duration-last-5min-service","2488"
session_info_load_24,"duration-all-service","18506"
session_info_load_24,"current-service-name",""
session_info_load_24,"cpu-time-current","0"
session_info_load_24,"cpu-time-last-5min","25829"
session_info_load_24,"cpu-time-total","218238"
session_info_load_24,"data-separation","''"
session_info_load_24,"client-ip","127.0.0.1"
session_info_load_25,"session","25510e27-f24a-4586-9ac9-9f7837c0dea1"
session_info_load_25,"session-id","3"
session_info_load_25,"infobase","717bdda7-2f60-4577-b262-f1fc8c0e472c"
session_info_load_25,"connection","00000000-0000-0000-0000-000000000000"
session_info_load_25,"process","00000000-0000-0000-0000-000000000000"
session_info_load_25,"user-name","DefUser"
session_info_load_25,"host","alko-home"
session_info_load_25,"app-id","1CV8C"
session_info_load_25,"locale","ru"
session_info_load_25,"started-at","2026-02-15T00:10:57"
session_info_load_25,"last-active-at","2026-02-16T00:31:03"
session_info_load_25,"hibernate","no"
session_info_load_25,"passive-session-hibernate-time","1200"
session_info_load_25,"hibernate-session-terminate-time","86400"
session_info_load_25,"blocked-by-dbms","0"
session_info_load_25,"blocked-by-ls","0"
session_info_load_25,"bytes-all","28598655"
session_info_load_25,"bytes-last-5min","3520520"
session_info_load_25,"calls-all","23354"
session_info_load_25,"calls-last-5min","2843"
session_info_load_25,"dbms-bytes-all","39802649"
session_info_load_25,"dbms-bytes-last-5min","4670905"
session_info_load_25,"db-proc-info",""
session_info_load_25,"db-proc-took","0"
session_info_load_25,"db-proc-took-at",""
session_info_load_25,"duration-all","553795"
session_info_load_25,"duration-all-dbms","23442"
session_info_load_25,"duration-current","0"
session_info_load_25,"duration-current-dbms","0"
session_info_load_25,"duration-last-5min","66299"
session_info_load_25,"duration-last-5min-dbms","3129"
session_info_load_25,"memory-current","0"
session_info_load_25,"memory-last-5min","19557585"
session_info_load_25,"memory-total","591295547"
session_info_load_25,"read-current","0"
session_info_load_25,"read-last-5min","777372"
session_info_load_25,"read-total","28602730"
session_info_load_25,"write-current","0"
session_info_load_25,"write-last-5min","108045"
session_info_load_25,"write-total","15379200"
session_info_load_25,"duration-current-service","0"
session_info_load_25,"duration-last-5min-service","2488"
session_info_load_25,"duration-all-service","18506"
session_info_load_25,"current-service-name",""
session_info_load_25,"cpu-time-current","0"
session_info_load_25,"cpu-time-last-5min","25829"
session_info_load_25,"cpu-time-total","218238"
session_info_load_25,"data-separation","''"
session_info_load_25,"client-ip","127.0.0.1"
session_info_load_26,"session","25510e27-f24a-4586-9ac9-9f7837c0dea1"
session_info_load_26,"session-id","3"
session_info_load_26,"infobase","717bdda7-2f60-4577-b262-f1fc8c0e472c"
session_info_load_26,"connection","00000000-0000-0000-0000-000000000000"
session_info_load_26,"process","00000000-0000-0000-0000-000000000000"
session_info_load_26,"user-name","DefUser"
session_info_load_26,"host","alko-home"
session_info_load_26,"app-id","1CV8C"
session_info_load_26,"locale","ru"
session_info_load_26,"started-at","2026-02-15T00:10:57"
session_info_load_26,"last-active-at","2026-02-16T00:31:03"
session_info_load_26,"hibernate","no"
session_info_load_26,"passive-session-hibernate-time","1200"
session_info_load_26,"hibernate-session-terminate-time","86400"
session_info_load_26,"blocked-by-dbms","0"
session_info_load_26,"blocked-by-ls","0"
session_info_load_26,"bytes-all","28598655"
session_info_load_26,"bytes-last-5min","3516395"
session_info_load_26,"calls-all","23354"
session_info_load_26,"calls-last-5min","2842"
session_info_load_26,"dbms-bytes-all","39802649"
session_info_load_26,"dbms-bytes-last-5min","4621499"
session_info_load_26,"db-proc-info",""
session_info_load_26,"db-proc-took","0"
session_info_load_26,"db-proc-took-at",""
session_info_load_26,"duration-all","553795"
session_info_load_26,"duration-all-dbms","23442"
session_info_load_26,"duration-current","0"
session_info_load_26,"duration-current-dbms","0"
session_info_load_26,"duration-last-5min","66277"
session_info_load_26,"duration-last-5min-dbms","3128"
session_info_load_26,"memory-current","0"
session_info_load_26,"memory-last-5min","12754512"
session_info_load_26,"memory-total","591295547"
session_info_load_26,"read-current","0"
session_info_load_26,"read-last-5min","775456"
session_info_load_26,"read-total","28602730"
session_info_load_26,"write-current","0"
session_info_load_26,"write-last-5min","108045"
session_info_load_26,"write-total","15379200"
session_info_load_26,"duration-current-service","0"
session_info_load_26,"duration-last-5min-service","2488"
session_info_load_26,"duration-all-service","18506"
session_info_load_26,"current-service-name",""
session_info_load_26,"cpu-time-current","0"
session_info_load_26,"cpu-time-last-5min","25812"
session_info_load_26,"cpu-time-total","218238"
session_info_load_26,"data-separation","''"
session_info_load_26,"client-ip","127.0.0.1"
session_info_load_27,"session","25510e27-f24a-4586-9ac9-9f7837c0dea1"
session_info_load_27,"session-id","3"
session_info_load_27,"infobase","717bdda7-2f60-4577-b262-f1fc8c0e472c"
session_info_load_27,"connection","00000000-0000-0000-0000-000000000000"
session_info_load_27,"process","00000000-0000-0000-0000-000000000000"
session_info_load_27,"user-name","DefUser"
session_info_load_27,"host","alko-home"
session_info_load_27,"app-id","1CV8C"
session_info_load_27,"locale","ru"
session_info_load_27,"started-at","2026-02-15T00:10:57"
session_info_load_27,"last-active-at","2026-02-16T00:31:03"
session_info_load_27,"hibernate","no"
session_info_load_27,"passive-session-hibernate-time","1200"
session_info_load_27,"hibernate-session-terminate-time","86400"
session_info_load_27,"blocked-by-dbms","0"
session_info_load_27,"blocked-by-ls","0"
session_info_load_27,"bytes-all","28598655"
session_info_load_27,"bytes-last-5min","3516395"
session_info_load_27,"calls-all","23354"
session_info_load_27,"calls-last-5min","2842"
session_info_load_27,"dbms-bytes-all","39802649"
session_info_load_27,"dbms-bytes-last-5min","4621499"
session_info_load_27,"db-proc-info",""
session_info_load_27,"db-proc-took","0"
session_info_load_27,"db-proc-took-at",""
session_info_load_27,"duration-all","553795"
session_info_load_27,"duration-all-dbms","23442"
session_info_load_27,"duration-current","0"
session_info_load_27,"duration-current-dbms","0"
session_info_load_27,"duration-last-5min","66277"
session_info_load_27,"duration-last-5min-dbms","3128"
session_info_load_27,"memory-current","0"
session_info_load_27,"memory-last-5min","12754512"
session_info_load_27,"memory-total","591295547"
session_info_load_27,"read-current","0"
session_info_load_27,"read-last-5min","775456"
session_info_load_27,"read-total","28602730"
session_info_load_27,"write-current","0"
session_info_load_27,"write-last-5min","108045"
session_info_load_27,"write-total","15379200"
session_info_load_27,"duration-current-service","0"
session_info_load_27,"duration-last-5min-service","2488"
session_info_load_27,"duration-all-service","18506"
session_info_load_27,"current-service-name",""
session_info_load_27,"cpu-time-current","0"
session_info_load_27,"cpu-time-last-5min","25812"
session_info_load_27,"cpu-time-total","218238"
session_info_load_27,"data-separation","''"
session_info_load_27,"client-ip","127.0.0.1"
session_info_load_28,"session","25510e27-f24a-4586-9ac9-9f7837c0dea1"
session_info_load_28,"session-id","3"
session_info_load_28,"infobase","717bdda7-2f60-4577-b262-f1fc8c0e472c"
session_info_load_28,"connection","00000000-0000-0000-0000-000000000000"
session_info_load_28,"process","00000000-0000-0000-0000-000000000000"
session_info_load_28,"user-name","DefUser"
session_info_load_28,"host","alko-home"
session_info_load_28,"app-id","1CV8C"
session_info_load_28,"locale","ru"
session_info_load_28,"started-at","2026-02-15T00:10:57"
session_info_load_28,"last-active-at","2026-02-16T00:31:03"
session_info_load_28,"hibernate","no"
session_info_load_28,"passive-session-hibernate-time","1200"
session_info_load_28,"hibernate-session-terminate-time","86400"
session_info_load_28,"blocked-by-dbms","0"
session_info_load_28,"blocked-by-ls","0"
session_info_load_28,"bytes-all","28598655"
session_info_load_28,"bytes-last-5min","3516395"
session_info_load_28,"calls-all","23354"
session_info_load_28,"calls-last-5min","2842"
session_info_load_28,"dbms-bytes-all","39802649"
session_info_load_28,"dbms-bytes-last-5min","4621499"
session_info_load_28,"db-proc-info",""
session_info_load_28,"db-proc-took","0"
session_info_load_28,"db-proc-took-at",""
session_info_load_28,"duration-all","553795"
session_info_load_28,"duration-all-dbms","23442"
session_info_load_28,"duration-current","0"
session_info_load_28,"duration-current-dbms","0"
session_info_load_28,"duration-last-5min","66277"
session_info_load_28,"duration-last-5min-dbms","3128"
session_info_load_28,"memory-current","0"
session_info_load_28,"memory-last-5min","12754512"
session_info_load_28,"memory-total","591295547"
session_info_load_28,"read-current","0"
session_info_load_28,"read-last-5min","775456"
session_info_load_28,"read-total","28602730"
session_info_load_28,"write-current","0"
session_info_load_28,"write-last-5min","108045"
session_info_load_28,"write-total","15379200"
session_info_load_28,"duration-current-service","0"
session_info_load_28,"duration-last-5min-service","2488"
session_info_load_28,"duration-all-service","18506"
session_info_load_28,"current-service-name",""
session_info_load_28,"cpu-time-current","0"
session_info_load_28,"cpu-time-last-5min","25812"
session_info_load_28,"cpu-time-total","218238"
session_info_load_28,"data-separation","''"
session_info_load_28,"client-ip","127.0.0.1"
session_info_load_29,"session","25510e27-f24a-4586-9ac9-9f7837c0dea1"
session_info_load_29,"session-id","3"
session_info_load_29,"infobase","717bdda7-2f60-4577-b262-f1fc8c0e472c"
session_info_load_29,"connection","00000000-0000-0000-0000-000000000000"
session_info_load_29,"process","00000000-0000-0000-0000-000000000000"
session_info_load_29,"user-name","DefUser"
session_info_load_29,"host","alko-home"
session_info_load_29,"app-id","1CV8C"
session_info_load_29,"locale","ru"
session_info_load_29,"started-at","2026-02-15T00:10:57"
session_info_load_29,"last-active-at","2026-02-16T00:31:03"
session_info_load_29,"hibernate","no"
session_info_load_29,"passive-session-hibernate-time","1200"
session_info_load_29,"hibernate-session-terminate-time","86400"
session_info_load_29,"blocked-by-dbms","0"
session_info_load_29,"blocked-by-ls","0"
session_info_load_29,"bytes-all","28598655"
session_info_load_29,"bytes-last-5min","3516395"
session_info_load_29,"calls-all","23354"
session_info_load_29,"calls-last-5min","2842"
session_info_load_29,"dbms-bytes-all","39802649"
session_info_load_29,"dbms-bytes-last-5min","4621499"
session_info_load_29,"db-proc-info",""
session_info_load_29,"db-proc-took","0"
session_info_load_29,"db-proc-took-at",""
session_info_load_29,"duration-all","553795"
session_info_load_29,"duration-all-dbms","23442"
session_info_load_29,"duration-current","0"
session_info_load_29,"duration-current-dbms","0"
session_info_load_29,"duration-last-5min","66277"
session_info_load_29,"duration-last-5min-dbms","3128"
session_info_load_29,"memory-current","0"
session_info_load_29,"memory-last-5min","12754512"
session_info_load_29,"memory-total","591295547"
session_info_load_29,"read-current","0"
session_info_load_29,"read-last-5min","775456"
session_info_load_29,"read-total","28602730"
session_info_load_29,"write-current","0"
session_info_load_29,"write-last-5min","108045"
session_info_load_29,"write-total","15379200"
session_info_load_29,"duration-current-service","0"
session_info_load_29,"duration-last-5min-service","2488"
session_info_load_29,"duration-all-service","18506"
session_info_load_29,"current-service-name",""
session_info_load_29,"cpu-time-current","0"
session_info_load_29,"cpu-time-last-5min","25812"
session_info_load_29,"cpu-time-total","218238"
session_info_load_29,"data-separation","''"
session_info_load_29,"client-ip","127.0.0.1"
session_info_load_30,"session","25510e27-f24a-4586-9ac9-9f7837c0dea1"
session_info_load_30,"session-id","3"
session_info_load_30,"infobase","717bdda7-2f60-4577-b262-f1fc8c0e472c"
session_info_load_30,"connection","00000000-0000-0000-0000-000000000000"
session_info_load_30,"process","00000000-0000-0000-0000-000000000000"
session_info_load_30,"user-name","DefUser"
session_info_load_30,"host","alko-home"
session_info_load_30,"app-id","1CV8C"
session_info_load_30,"locale","ru"
session_info_load_30,"started-at","2026-02-15T00:10:57"
session_info_load_30,"last-active-at","2026-02-16T00:31:03"
session_info_load_30,"hibernate","no"
session_info_load_30,"passive-session-hibernate-time","1200"
session_info_load_30,"hibernate-session-terminate-time","86400"
session_info_load_30,"blocked-by-dbms","0"
session_info_load_30,"blocked-by-ls","0"
session_info_load_30,"bytes-all","28598655"
session_info_load_30,"bytes-last-5min","3145955"
session_info_load_30,"calls-all","23354"
session_info_load_30,"calls-last-5min","2569"
session_info_load_30,"dbms-bytes-all","39802649"
session_info_load_30,"dbms-bytes-last-5min","4196906"
session_info_load_30,"db-proc-info",""
session_info_load_30,"db-proc-took","0"
session_info_load_30,"db-proc-took-at",""
session_info_load_30,"duration-all","553795"
session_info_load_30,"duration-all-dbms","23442"
session_info_load_30,"duration-current","0"
session_info_load_30,"duration-current-dbms","0"
session_info_load_30,"duration-last-5min","62874"
session_info_load_30,"duration-last-5min-dbms","2910"
session_info_load_30,"memory-current","0"
session_info_load_30,"memory-last-5min","-660004"
session_info_load_30,"memory-total","591295547"
session_info_load_30,"read-current","0"
session_info_load_30,"read-last-5min","626006"
session_info_load_30,"read-total","28602730"
session_info_load_30,"write-current","0"
session_info_load_30,"write-last-5min","68792"
session_info_load_30,"write-total","15379200"
session_info_load_30,"duration-current-service","0"
session_info_load_30,"duration-last-5min-service","2258"
session_info_load_30,"duration-all-service","18506"
session_info_load_30,"current-service-name",""
session_info_load_30,"cpu-time-current","0"
session_info_load_30,"cpu-time-last-5min","23011"
session_info_load_30,"cpu-time-total","218238"
session_info_load_30,"data-separation","''"
session_info_load_30,"client-ip","127.0.0.1"
session_info_load_31,"session","25510e27-f24a-4586-9ac9-9f7837c0dea1"
session_info_load_31,"session-id","3"
session_info_load_31,"infobase","717bdda7-2f60-4577-b262-f1fc8c0e472c"
session_info_load_31,"connection","00000000-0000-0000-0000-000000000000"
session_info_load_31,"process","00000000-0000-0000-0000-000000000000"
session_info_load_31,"user-name","DefUser"
session_info_load_31,"host","alko-home"
session_info_load_31,"app-id","1CV8C"
session_info_load_31,"locale","ru"
session_info_load_31,"started-at","2026-02-15T00:10:57"
session_info_load_31,"last-active-at","2026-02-16T00:31:03"
session_info_load_31,"hibernate","no"
session_info_load_31,"passive-session-hibernate-time","1200"
session_info_load_31,"hibernate-session-terminate-time","86400"
session_info_load_31,"blocked-by-dbms","0"
session_info_load_31,"blocked-by-ls","0"
session_info_load_31,"bytes-all","28598655"
session_info_load_31,"bytes-last-5min","2779571"
session_info_load_31,"calls-all","23354"
session_info_load_31,"calls-last-5min","2272"
session_info_load_31,"dbms-bytes-all","39802649"
session_info_load_31,"dbms-bytes-last-5min","3458845"
session_info_load_31,"db-proc-info",""
session_info_load_31,"db-proc-took","0"
session_info_load_31,"db-proc-took-at",""
session_info_load_31,"duration-all","553795"
session_info_load_31,"duration-all-dbms","23442"
session_info_load_31,"duration-current","0"
session_info_load_31,"duration-current-dbms","0"
session_info_load_31,"duration-last-5min","59246"
session_info_load_31,"duration-last-5min-dbms","2380"
session_info_load_31,"memory-current","0"
session_info_load_31,"memory-last-5min","-1121252"
session_info_load_31,"memory-total","591295547"
session_info_load_31,"read-current","0"
session_info_load_31,"read-last-5min","412465"
session_info_load_31,"read-total","28602730"
session_info_load_31,"write-current","0"
session_info_load_31,"write-last-5min","26878"
session_info_load_31,"write-total","15379200"
session_info_load_31,"duration-current-service","0"
session_info_load_31,"duration-last-5min-service","1859"
session_info_load_31,"duration-all-service","18506"
session_info_load_31,"current-service-name",""
session_info_load_31,"cpu-time-current","0"
session_info_load_31,"cpu-time-last-5min","20417"
session_info_load_31,"cpu-time-total","218238"
session_info_load_31,"data-separation","''"
session_info_load_31,"client-ip","127.0.0.1"
session_info_load_32,"session","25510e27-f24a-4586-9ac9-9f7837c0dea1"
session_info_load_32,"session-id","3"
session_info_load_32,"infobase","717bdda7-2f60-4577-b262-f1fc8c0e472c"
session_info_load_32,"connection","00000000-0000-0000-0000-000000000000"
session_info_load_32,"process","00000000-0000-0000-0000-000000000000"
session_info_load_32,"user-name","DefUser"
session_info_load_32,"host","alko-home"
session_info_load_32,"app-id","1CV8C"
session_info_load_32,"locale","ru"
session_info_load_32,"started-at","2026-02-15T00:10:57"
session_info_load_32,"last-active-at","2026-02-16T00:31:03"
session_info_load_32,"hibernate","no"
session_info_load_32,"passive-session-hibernate-time","1200"
session_info_load_32,"hibernate-session-terminate-time","86400"
session_info_load_32,"blocked-by-dbms","0"
session_info_load_32,"blocked-by-ls","0"
session_info_load_32,"bytes-all","28598655"
session_info_load_32,"bytes-last-5min","2390277"
session_info_load_32,"calls-all","23354"
session_info_load_32,"calls-last-5min","1956"
session_info_load_32,"dbms-bytes-all","39802649"
session_info_load_32,"dbms-bytes-last-5min","2648234"
session_info_load_32,"db-proc-info",""
session_info_load_32,"db-proc-took","0"
session_info_load_32,"db-proc-took-at",""
session_info_load_32,"duration-all","553795"
session_info_load_32,"duration-all-dbms","23442"
session_info_load_32,"duration-current","0"
session_info_load_32,"duration-current-dbms","0"
session_info_load_32,"duration-last-5min","54333"
session_info_load_32,"duration-last-5min-dbms","1806"
session_info_load_32,"memory-current","0"
session_info_load_32,"memory-last-5min","-774395"
session_info_load_32,"memory-total","591295547"
session_info_load_32,"read-current","0"
session_info_load_32,"read-last-5min","299316"
session_info_load_32,"read-total","28602730"
session_info_load_32,"write-current","0"
session_info_load_32,"write-last-5min","3741"
session_info_load_32,"write-total","15379200"
session_info_load_32,"duration-current-service","0"
session_info_load_32,"duration-last-5min-service","1193"
session_info_load_32,"duration-all-service","18506"
session_info_load_32,"current-service-name",""
session_info_load_32,"cpu-time-current","0"
session_info_load_32,"cpu-time-last-5min","16696"
session_info_load_32,"cpu-time-total","218238"
session_info_load_32,"data-separation","''"
session_info_load_32,"client-ip","127.0.0.1"
session_info_load_33,"session","25510e27-f24a-4586-9ac9-9f7837c0dea1"
session_info_load_33,"session-id","3"
session_info_load_33,"infobase","717bdda7-2f60-4577-b262-f1fc8c0e472c"
session_info_load_33,"connection","00000000-0000-0000-0000-000000000000"
session_info_load_33,"process","00000000-0000-0000-0000-000000000000"
session_info_load_33,"user-name","DefUser"
session_info_load_33,"host","alko-home"
session_info_load_33,"app-id","1CV8C"
session_info_load_33,"locale","ru"
session_info_load_33,"started-at","2026-02-15T00:10:57"
session_info_load_33,"last-active-at","2026-02-16T00:31:03"
session_info_load_33,"hibernate","no"
session_info_load_33,"passive-session-hibernate-time","1200"
session_info_load_33,"hibernate-session-terminate-time","86400"
session_info_load_33,"blocked-by-dbms","0"
session_info_load_33,"blocked-by-ls","0"
session_info_load_33,"bytes-all","28598655"
session_info_load_33,"bytes-last-5min","2007673"
session_info_load_33,"calls-all","23354"
session_info_load_33,"calls-last-5min","1634"
session_info_load_33,"dbms-bytes-all","39802649"
session_info_load_33,"dbms-bytes-last-5min","2223224"
session_info_load_33,"db-proc-info",""
session_info_load_33,"db-proc-took","0"
session_info_load_33,"db-proc-took-at",""
session_info_load_33,"duration-all","553795"
session_info_load_33,"duration-all-dbms","23442"
session_info_load_33,"duration-current","0"
session_info_load_33,"duration-current-dbms","0"
session_info_load_33,"duration-last-5min","50683"
session_info_load_33,"duration-last-5min-dbms","1504"
session_info_load_33,"memory-current","0"
session_info_load_33,"memory-last-5min","-952648"
session_info_load_33,"memory-total","591295547"
session_info_load_33,"read-current","0"
session_info_load_33,"read-last-5min","185614"
session_info_load_33,"read-total","28602730"
session_info_load_33,"write-current","0"
session_info_load_33,"write-last-5min","1164"
session_info_load_33,"write-total","15379200"
session_info_load_33,"duration-current-service","0"
session_info_load_33,"duration-last-5min-service","1164"
session_info_load_33,"duration-all-service","18506"
session_info_load_33,"current-service-name",""
session_info_load_33,"cpu-time-current","0"
session_info_load_33,"cpu-time-last-5min","13860"
session_info_load_33,"cpu-time-total","218238"
session_info_load_33,"data-separation","''"
session_info_load_33,"client-ip","127.0.0.1"
session_info_load_34,"session","25510e27-f24a-4586-9ac9-9f7837c0dea1"
session_info_load_34,"session-id","3"
session_info_load_34,"infobase","717bdda7-2f60-4577-b262-f1fc8c0e472c"
session_info_load_34,"connection","00000000-0000-0000-0000-000000000000"
session_info_load_34,"process","00000000-0000-0000-0000-000000000000"
session_info_load_34,"user-name","DefUser"
session_info_load_34,"host","alko-home"
session_info_load_34,"app-id","1CV8C"
session_info_load_34,"locale","ru"
session_info_load_34,"started-at","2026-02-15T00:10:57"
session_info_load_34,"last-active-at","2026-02-16T00:31:03"
session_info_load_34,"hibernate","no"
session_info_load_34,"passive-session-hibernate-time","1200"
session_info_load_34,"hibernate-session-terminate-time","86400"
session_info_load_34,"blocked-by-dbms","0"
session_info_load_34,"blocked-by-ls","0"
session_info_load_34,"bytes-all","28598655"
session_info_load_34,"bytes-last-5min","1277141"
session_info_load_34,"calls-all","23354"
session_info_load_34,"calls-last-5min","1034"
session_info_load_34,"dbms-bytes-all","39802649"
session_info_load_34,"dbms-bytes-last-5min","1534171"
session_info_load_34,"db-proc-info",""
session_info_load_34,"db-proc-took","0"
session_info_load_34,"db-proc-took-at",""
session_info_load_34,"duration-all","553795"
session_info_load_34,"duration-all-dbms","23442"
session_info_load_34,"duration-current","0"
session_info_load_34,"duration-current-dbms","0"
session_info_load_34,"duration-last-5min","42085"
session_info_load_34,"duration-last-5min-dbms","1115"
session_info_load_34,"memory-current","0"
session_info_load_34,"memory-last-5min","-1125728"
session_info_load_34,"memory-total","591295547"
session_info_load_34,"read-current","0"
session_info_load_34,"read-last-5min","149787"
session_info_load_34,"read-total","28602730"
session_info_load_34,"write-current","0"
session_info_load_34,"write-last-5min","0"
session_info_load_34,"write-total","15379200"
session_info_load_34,"duration-current-service","0"
session_info_load_34,"duration-last-5min-service","867"
session_info_load_34,"duration-all-service","18506"
session_info_load_34,"current-service-name",""
session_info_load_34,"cpu-time-current","0"
session_info_load_34,"cpu-time-last-5min","9490"
session_info_load_34,"cpu-time-total","218238"
session_info_load_34,"data-separation","''"
session_info_load_34,"client-ip","127.0.0.1"
session_info_load_35,"session","25510e27-f24a-4586-9ac9-9f7837c0dea1"
session_info_load_35,"session-id","3"
session_info_load_35,"infobase","717bdda7-2f60-4577-b262-f1fc8c0e472c"
session_info_load_35,"connection","00000000-0000-0000-0000-000000000000"
session_info_load_35,"process","00000000-0000-0000-0000-000000000000"
session_info_load_35,"user-name","DefUser"
session_info_load_35,"host","alko-home"
session_info_load_35,"app-id","1CV8C"
session_info_load_35,"locale","ru"
session_info_load_35,"started-at","2026-02-15T00:10:57"
session_info_load_35,"last-active-at","2026-02-16T00:31:03"
session_info_load_35,"hibernate","no"
session_info_load_35,"passive-session-hibernate-time","1200"
session_info_load_35,"hibernate-session-terminate-time","86400"
session_info_load_35,"blocked-by-dbms","0"
session_info_load_35,"blocked-by-ls","0"
session_info_load_35,"bytes-all","28598655"
session_info_load_35,"bytes-last-5min","1218613"
session_info_load_35,"calls-all","23354"
session_info_load_35,"calls-last-5min","987"
session_info_load_35,"dbms-bytes-all","39802649"
session_info_load_35,"dbms-bytes-last-5min","1182153"
session_info_load_35,"db-proc-info",""
session_info_load_35,"db-proc-took","0"
session_info_load_35,"db-proc-took-at",""
session_info_load_35,"duration-all","553795"
session_info_load_35,"duration-all-dbms","23442"
session_info_load_35,"duration-current","0"
session_info_load_35,"duration-current-dbms","0"
session_info_load_35,"duration-last-5min","41415"
session_info_load_35,"duration-last-5min-dbms","856"
session_info_load_35,"memory-current","0"
session_info_load_35,"memory-last-5min","-1089824"
session_info_load_35,"memory-total","591295547"
session_info_load_35,"read-current","0"
session_info_load_35,"read-last-5min","149787"
session_info_load_35,"read-total","28602730"
session_info_load_35,"write-current","0"
session_info_load_35,"write-last-5min","0"
session_info_load_35,"write-total","15379200"
session_info_load_35,"duration-current-service","0"
session_info_load_35,"duration-last-5min-service","678"
session_info_load_35,"duration-all-service","18506"
session_info_load_35,"current-service-name",""
session_info_load_35,"cpu-time-current","0"
session_info_load_35,"cpu-time-last-5min","9082"
session_info_load_35,"cpu-time-total","218238"
session_info_load_35,"data-separation","''"
session_info_load_35,"client-ip","127.0.0.1"
session_info_load_36,"session","25510e27-f24a-4586-9ac9-9f7837c0dea1"
session_info_load_36,"session-id","3"
session_info_load_36,"infobase","717bdda7-2f60-4577-b262-f1fc8c0e472c"
session_info_load_36,"connection","00000000-0000-0000-0000-000000000000"
session_info_load_36,"process","00000000-0000-0000-0000-000000000000"
session_info_load_36,"user-name","DefUser"
session_info_load_36,"host","alko-home"
session_info_load_36,"app-id","1CV8C"
session_info_load_36,"locale","ru"
session_info_load_36,"started-at","2026-02-15T00:10:57"
session_info_load_36,"last-active-at","2026-02-16T00:31:03"
session_info_load_36,"hibernate","no"
session_info_load_36,"passive-session-hibernate-time","1200"
session_info_load_36,"hibernate-session-terminate-time","86400"
session_info_load_36,"blocked-by-dbms","0"
session_info_load_36,"blocked-by-ls","0"
session_info_load_36,"bytes-all","28598655"
session_info_load_36,"bytes-last-5min","1218613"
session_info_load_36,"calls-all","23354"
session_info_load_36,"calls-last-5min","987"
session_info_load_36,"dbms-bytes-all","39802649"
session_info_load_36,"dbms-bytes-last-5min","1182153"
session_info_load_36,"db-proc-info",""
session_info_load_36,"db-proc-took","0"
session_info_load_36,"db-proc-took-at",""
session_info_load_36,"duration-all","553795"
session_info_load_36,"duration-all-dbms","23442"
session_info_load_36,"duration-current","0"
session_info_load_36,"duration-current-dbms","0"
session_info_load_36,"duration-last-5min","41415"
session_info_load_36,"duration-last-5min-dbms","856"
session_info_load_36,"memory-current","0"
session_info_load_36,"memory-last-5min","-1089824"
session_info_load_36,"memory-total","591295547"
session_info_load_36,"read-current","0"
session_info_load_36,"read-last-5min","149787"
session_info_load_36,"read-total","28602730"
session_info_load_36,"write-current","0"
session_info_load_36,"write-last-5min","0"
session_info_load_36,"write-total","15379200"
session_info_load_36,"duration-current-service","0"
session_info_load_36,"duration-last-5min-service","678"
session_info_load_36,"duration-all-service","18506"
session_info_load_36,"current-service-name",""
session_info_load_36,"cpu-time-current","0"
session_info_load_36,"cpu-time-last-5min","9082"
session_info_load_36,"cpu-time-total","218238"
session_info_load_36,"data-separation","''"
session_info_load_36,"client-ip","127.0.0.1"
session_info_load_37,"session","25510e27-f24a-4586-9ac9-9f7837c0dea1"
session_info_load_37,"session-id","3"
session_info_load_37,"infobase","717bdda7-2f60-4577-b262-f1fc8c0e472c"
session_info_load_37,"connection","00000000-0000-0000-0000-000000000000"
session_info_load_37,"process","00000000-0000-0000-0000-000000000000"
session_info_load_37,"user-name","DefUser"
session_info_load_37,"host","alko-home"
session_info_load_37,"app-id","1CV8C"
session_info_load_37,"locale","ru"
session_info_load_37,"started-at","2026-02-15T00:10:57"
session_info_load_37,"last-active-at","2026-02-16T00:31:03"
session_info_load_37,"hibernate","no"
session_info_load_37,"passive-session-hibernate-time","1200"
session_info_load_37,"hibernate-session-terminate-time","86400"
session_info_load_37,"blocked-by-dbms","0"
session_info_load_37,"blocked-by-ls","0"
session_info_load_37,"bytes-all","28598655"
session_info_load_37,"bytes-last-5min","1218613"
session_info_load_37,"calls-all","23354"
session_info_load_37,"calls-last-5min","987"
session_info_load_37,"dbms-bytes-all","39802649"
session_info_load_37,"dbms-bytes-last-5min","1110860"
session_info_load_37,"db-proc-info",""
session_info_load_37,"db-proc-took","0"
session_info_load_37,"db-proc-took-at",""
session_info_load_37,"duration-all","553795"
session_info_load_37,"duration-all-dbms","23442"
session_info_load_37,"duration-current","0"
session_info_load_37,"duration-current-dbms","0"
session_info_load_37,"duration-last-5min","41415"
session_info_load_37,"duration-last-5min-dbms","817"
session_info_load_37,"memory-current","0"
session_info_load_37,"memory-last-5min","-1089824"
session_info_load_37,"memory-total","591295547"
session_info_load_37,"read-current","0"
session_info_load_37,"read-last-5min","149787"
session_info_load_37,"read-total","28602730"
session_info_load_37,"write-current","0"
session_info_load_37,"write-last-5min","0"
session_info_load_37,"write-total","15379200"
session_info_load_37,"duration-current-service","0"
session_info_load_37,"duration-last-5min-service","648"
session_info_load_37,"duration-all-service","18506"
session_info_load_37,"current-service-name",""
session_info_load_37,"cpu-time-current","0"
session_info_load_37,"cpu-time-last-5min","9082"
session_info_load_37,"cpu-time-total","218238"
session_info_load_37,"data-separation","''"
session_info_load_37,"client-ip","127.0.0.1"
session_info_load_38,"session","25510e27-f24a-4586-9ac9-9f7837c0dea1"
session_info_load_38,"session-id","3"
session_info_load_38,"infobase","717bdda7-2f60-4577-b262-f1fc8c0e472c"
session_info_load_38,"connection","00000000-0000-0000-0000-000000000000"
session_info_load_38,"process","00000000-0000-0000-0000-000000000000"
session_info_load_38,"user-name","DefUser"
session_info_load_38,"host","alko-home"
session_info_load_38,"app-id","1CV8C"
session_info_load_38,"locale","ru"
session_info_load_38,"started-at","2026-02-15T00:10:57"
session_info_load_38,"last-active-at","2026-02-16T00:31:03"
session_info_load_38,"hibernate","no"
session_info_load_38,"passive-session-hibernate-time","1200"
session_info_load_38,"hibernate-session-terminate-time","86400"
session_info_load_38,"blocked-by-dbms","0"
session_info_load_38,"blocked-by-ls","0"
session_info_load_38,"bytes-all","28598655"
session_info_load_38,"bytes-last-5min","923225"
session_info_load_38,"calls-all","23354"
session_info_load_38,"calls-last-5min","744"
session_info_load_38,"dbms-bytes-all","39802649"
session_info_load_38,"dbms-bytes-last-5min","715197"
session_info_load_38,"db-proc-info",""
session_info_load_38,"db-proc-took","0"
session_info_load_38,"db-proc-took-at",""
session_info_load_38,"duration-all","553795"
session_info_load_38,"duration-all-dbms","23442"
session_info_load_38,"duration-current","0"
session_info_load_38,"duration-current-dbms","0"
session_info_load_38,"duration-last-5min","6993"
session_info_load_38,"duration-last-5min-dbms","431"
session_info_load_38,"memory-current","0"
session_info_load_38,"memory-last-5min","-648240"
session_info_load_38,"memory-total","591295547"
session_info_load_38,"read-current","0"
session_info_load_38,"read-last-5min","80338"
session_info_load_38,"read-total","28602730"
session_info_load_38,"write-current","0"
session_info_load_38,"write-last-5min","0"
session_info_load_38,"write-total","15379200"
session_info_load_38,"duration-current-service","0"
session_info_load_38,"duration-last-5min-service","390"
session_info_load_38,"duration-all-service","18506"
session_info_load_38,"current-service-name",""
session_info_load_38,"cpu-time-current","0"
session_info_load_38,"cpu-time-last-5min","5486"
session_info_load_38,"cpu-time-total","218238"
session_info_load_38,"data-separation","''"
session_info_load_38,"client-ip","127.0.0.1"
session_info_load_39,"session","25510e27-f24a-4586-9ac9-9f7837c0dea1"
session_info_load_39,"session-id","3"
session_info_load_39,"infobase","717bdda7-2f60-4577-b262-f1fc8c0e472c"
session_info_load_39,"connection","00000000-0000-0000-0000-000000000000"
session_info_load_39,"process","00000000-0000-0000-0000-000000000000"
session_info_load_39,"user-name","DefUser"
session_info_load_39,"host","alko-home"
session_info_load_39,"app-id","1CV8C"
session_info_load_39,"locale","ru"
session_info_load_39,"started-at","2026-02-15T00:10:57"
session_info_load_39,"last-active-at","2026-02-16T00:31:03"
session_info_load_39,"hibernate","no"
session_info_load_39,"passive-session-hibernate-time","1200"
session_info_load_39,"hibernate-session-terminate-time","86400"
session_info_load_39,"blocked-by-dbms","0"
session_info_load_39,"blocked-by-ls","0"
session_info_load_39,"bytes-all","28598655"
session_info_load_39,"bytes-last-5min","260625"
session_info_load_39,"calls-all","23354"
session_info_load_39,"calls-last-5min","198"
session_info_load_39,"dbms-bytes-all","39802649"
session_info_load_39,"dbms-bytes-last-5min","37764"
session_info_load_39,"db-proc-info",""
session_info_load_39,"db-proc-took","0"
session_info_load_39,"db-proc-took-at",""
session_info_load_39,"duration-all","553795"
session_info_load_39,"duration-all-dbms","23442"
session_info_load_39,"duration-current","0"
session_info_load_39,"duration-current-dbms","0"
session_info_load_39,"duration-last-5min","1360"
session_info_load_39,"duration-last-5min-dbms","17"
session_info_load_39,"memory-current","0"
session_info_load_39,"memory-last-5min","-813304"
session_info_load_39,"memory-total","591295547"
session_info_load_39,"read-current","0"
session_info_load_39,"read-last-5min","3644"
session_info_load_39,"read-total","28602730"
session_info_load_39,"write-current","0"
session_info_load_39,"write-last-5min","0"
session_info_load_39,"write-total","15379200"
session_info_load_39,"duration-current-service","0"
session_info_load_39,"duration-last-5min-service","0"
session_info_load_39,"duration-all-service","18506"
session_info_load_39,"current-service-name",""
session_info_load_39,"cpu-time-current","0"
session_info_load_39,"cpu-time-last-5min","1061"
session_info_load_39,"cpu-time-total","218238"
session_info_load_39,"data-separation","''"
session_info_load_39,"client-ip","127.0.0.1"
session_info_load_40,"session","25510e27-f24a-4586-9ac9-9f7837c0dea1"
session_info_load_40,"session-id","3"
session_info_load_40,"infobase","717bdda7-2f60-4577-b262-f1fc8c0e472c"
session_info_load_40,"connection","00000000-0000-0000-0000-000000000000"
session_info_load_40,"process","00000000-0000-0000-0000-000000000000"
session_info_load_40,"user-name","DefUser"
session_info_load_40,"host","alko-home"
session_info_load_40,"app-id","1CV8C"
session_info_load_40,"locale","ru"
session_info_load_40,"started-at","2026-02-15T00:10:57"
session_info_load_40,"last-active-at","2026-02-16T00:31:03"
session_info_load_40,"hibernate","no"
session_info_load_40,"passive-session-hibernate-time","1200"
session_info_load_40,"hibernate-session-terminate-time","86400"
session_info_load_40,"blocked-by-dbms","0"
session_info_load_40,"blocked-by-ls","0"
session_info_load_40,"bytes-all","28598655"
session_info_load_40,"bytes-last-5min","574"
session_info_load_40,"calls-all","23354"
session_info_load_40,"calls-last-5min","0"
session_info_load_40,"dbms-bytes-all","39802649"
session_info_load_40,"dbms-bytes-last-5min","0"
session_info_load_40,"db-proc-info",""
session_info_load_40,"db-proc-took","0"
session_info_load_40,"db-proc-took-at",""
session_info_load_40,"duration-all","553795"
session_info_load_40,"duration-all-dbms","23442"
session_info_load_40,"duration-current","0"
session_info_load_40,"duration-current-dbms","0"
session_info_load_40,"duration-last-5min","0"
session_info_load_40,"duration-last-5min-dbms","0"
session_info_load_40,"memory-current","0"
session_info_load_40,"memory-last-5min","0"
session_info_load_40,"memory-total","591295547"
session_info_load_40,"read-current","0"
session_info_load_40,"read-last-5min","0"
session_info_load_40,"read-total","28602730"
session_info_load_40,"write-current","0"
session_info_load_40,"write-last-5min","0"
session_info_load_40,"write-total","15379200"
session_info_load_40,"duration-current-service","0"
session_info_load_40,"duration-last-5min-service","0"
session_info_load_40,"duration-all-service","18506"
session_info_load_40,"current-service-name",""
session_info_load_40,"cpu-time-current","0"
session_info_load_40,"cpu-time-last-5min","0"
session_info_load_40,"cpu-time-total","218238"
session_info_load_40,"data-separation","''"
session_info_load_40,"client-ip","127.0.0.1"
